beta1_hat,se_HC3,ci_low,ci_high,ci_length,covered,k_y,k_d,alpha
1.5861408348120458,0.08390334948388867,1.4216932916413467,1.750588377982745,0.3288950863413982,0,27,7,0.1567356608220752
1.6301688597640331,0.10920041401674337,1.4161399811943531,1.8441977383337131,0.42805775713936,0,23,6,0.1567356608220752
1.6744639923210052,0.0905334711481102,1.497021649475313,1.8519063351666973,0.3548846856913843,0,22,6,0.1567356608220752
1.5943755172611356,0.09396917901476928,1.4101993107353907,1.7785517237868804,0.3683524130514897,0,24,12,0.1567356608220752
1.6968005663685763,0.09213912384769109,1.5162112020600262,1.8773899306771265,0.3611787286171002,0,29,8,0.1567356608220752
1.6152741020564938,0.10081512540241354,1.4176800871708741,1.8128681169421135,0.39518802977123935,0,23,10,0.1567356608220752
1.7649772090222808,0.08123205523006949,1.605765306381176,1.9241891116633856,0.3184238052822095,0,25,9,0.1567356608220752
1.684574028475808,0.09725752271056626,1.4939527867375118,1.8751952702141041,0.3812424834765924,0,26,10,0.1567356608220752
1.816048148085164,0.08205304311698902,1.6552271387539534,1.9768691574163746,0.32164201866242115,0,23,8,0.1567356608220752
1.5141466905391794,0.0914567645987653,1.3348947257830417,1.693398655295317,0.3585039295122754,0,30,14,0.1567356608220752
1.8834251848353052,0.08821484319370773,1.7105272692737896,2.0563231003968205,0.3457958311230309,1,28,6,0.1567356608220752
1.643986242103941,0.07741185361784206,1.492261797036484,1.7957106871713981,0.30344889013491416,0,17,7,0.1567356608220752
1.6313716703189298,0.0845949303359126,1.4655686535858663,1.7971746870519933,0.33160603346612705,0,25,7,0.1567356608220752
1.8224285105075562,0.10003985139073027,1.6263540047629856,2.0185030162521267,0.39214901148914105,1,27,11,0.1567356608220752
1.7117016391244757,0.08973271235525031,1.5358287546730929,1.8875745235758585,0.35174576890276565,0,20,4,0.1567356608220752
1.8945443400038144,0.10672716404698512,1.6853629422996255,2.1037257377080034,0.41836279540837795,1,26,6,0.1567356608220752
1.5869138131764935,0.08746047952723403,1.415494423232512,1.758333203120475,0.3428387798879631,0,26,9,0.1567356608220752
1.789592400812548,0.08599996057510077,1.6210355754134858,1.95814922621161,0.3371136507981243,0,23,5,0.1567356608220752
1.6155669149881198,0.09062201773627604,1.4379510240186688,1.7931828059575707,0.3552317819389019,0,26,8,0.1567356608220752
1.6713921257537931,0.10843795655259988,1.4588576363535781,1.8839266151540082,0.42506897880043004,0,26,7,0.1567356608220752
1.5591430974395213,0.07357028426989005,1.4149479899381632,1.7033382049408794,0.2883902150027162,0,22,11,0.1567356608220752
1.695393142698003,0.08426108366474969,1.5302444534167772,1.8605418319792286,0.33029737856245145,0,24,8,0.1567356608220752
1.8479193332448218,0.09119875840784032,1.6691730513306853,2.0266656151589584,0.3574925638282731,1,29,6,0.1567356608220752
1.5813086628411324,0.09515752586977211,1.3948033392784405,1.7678139864038243,0.3730106471253838,0,27,10,0.1567356608220752
1.8086604821046866,0.09574547732589235,1.6210027948633412,1.996318169346032,0.3753153744826907,0,27,5,0.1567356608220752
1.8396267835706919,0.10223681325188859,1.6392463117028429,2.0400072554385407,0.4007609437356978,1,27,7,0.1567356608220752
1.6788365155918692,0.0975412304275728,1.487659216946104,1.8700138142376344,0.3823545972915303,0,26,13,0.1567356608220752
1.602953610913766,0.08396471724100625,1.4383857891493046,1.7675214326782276,0.329135643528923,0,25,9,0.1567356608220752
1.5742636751539958,0.08222703182097159,1.4131016542292625,1.735425696078729,0.3223240418494666,0,26,7,0.1567356608220752
1.6538596553257578,0.07801364083757507,1.5009557289812676,1.806763581670248,0.3058078526889805,0,25,11,0.1567356608220752
1.5782863150623998,0.07191894936094351,1.4373277645089906,1.719244865615809,0.28191710110681845,0,26,14,0.1567356608220752
1.625951325928967,0.0695148086731241,1.4897048045374512,1.762197847320483,0.27249304278303166,0,20,5,0.1567356608220752
1.6547213635504643,0.08965203115447913,1.4790066113468223,1.8304361157541063,0.35142950440728393,0,20,7,0.1567356608220752
1.6104687456165068,0.0734333888103204,1.4665419482855522,1.7543955429474614,0.2878535946619092,0,23,8,0.1567356608220752
1.6036357409688158,0.08019501620067822,1.4464563974758804,1.7608150844617512,0.31435868698587077,0,26,7,0.1567356608220752
1.6064461290456356,0.09122370442808886,1.4276509538302544,1.7852413042610167,0.35759035043076226,0,21,9,0.1567356608220752
1.6494881119936795,0.08436087002606264,1.4841438450381321,1.8148323789492269,0.33068853391109476,0,23,7,0.1567356608220752
1.715392456628301,0.08238055396166806,1.553929537836973,1.8768553754196289,0.3229258375826558,0,24,6,0.1567356608220752
1.5476349572766879,0.08302080025439941,1.3849171788103714,1.7103527357430044,0.32543555693263304,0,20,4,0.1567356608220752
1.721303773045606,0.08036334356850897,1.5637945139741098,1.8788130321171022,0.3150185181429923,0,17,6,0.1567356608220752
1.8634116621832444,0.1022079331580114,1.6630877942592648,2.0637355301072238,0.400647735847959,1,27,7,0.1567356608220752
1.630355037543199,0.11694928292836615,1.4011386549858162,1.8595714201005817,0.4584327651147655,0,25,6,0.1567356608220752
1.7010932968837271,0.08924089647162924,1.5261843538512663,1.876002239916188,0.3498178860649217,0,23,7,0.1567356608220752
1.6163938760937007,0.08644582629740143,1.4469631699369883,1.785824582250413,0.3388614123134248,0,23,8,0.1567356608220752
1.6663171296741932,0.09980675646507568,1.4706994815888847,1.8619347777595017,0.3912352961706169,0,21,3,0.1567356608220752
1.7413654810056052,0.08895280762271675,1.5670211817413604,1.91570978026985,0.34868859852848955,0,25,4,0.1567356608220752
1.694509410095181,0.09397091308210953,1.5103298048599025,1.8786890153304594,0.36835921047055686,0,24,7,0.1567356608220752
1.6500462422692315,0.09383447525550825,1.4661340502602205,1.8339584342782425,0.367824384018022,0,23,4,0.1567356608220752
1.7781052516042808,0.08688924647272162,1.6078054578739225,1.948405045334639,0.3405995874607166,0,24,4,0.1567356608220752
1.7388832785636748,0.08187026639544225,1.578420505023908,1.8993460521034415,0.3209255470795336,0,23,4,0.1567356608220752
1.3773740127748604,0.09444244523527258,1.1922702215018297,1.562477804047891,0.37020758254606134,0,22,8,0.1567356608220752
1.7154552128280183,0.07427007979699958,1.5698885312969832,1.8610218943590533,0.29113336306207005,0,20,9,0.1567356608220752
1.6774677437240333,0.08818852421083968,1.5046214124210489,1.8503140750270177,0.34569266260596887,0,21,8,0.1567356608220752
1.6673089991131818,0.09749651599911512,1.476219339136783,1.8583986590895805,0.3821793199527974,0,25,7,0.1567356608220752
1.7567966528550412,0.0770425404650809,1.6057960482660127,1.9077972574440696,0.30200120917805684,0,31,10,0.1567356608220752
1.540287870311909,0.07848326341660519,1.3864635006261927,1.6941122399976252,0.30764873937143244,0,28,10,0.1567356608220752
1.6866310672567004,0.10403845977222462,1.4827194330961209,1.89054270141728,0.4078232683211591,0,26,8,0.1567356608220752
1.7820563235760447,0.08584908132599857,1.6137952160712374,1.950317431080852,0.33652221500961454,0,23,7,0.1567356608220752
1.712050875558043,0.09043670741220511,1.5347981861497344,1.8893035649663517,0.35450537881661726,0,30,10,0.1567356608220752
1.5727047437583805,0.09574886042779321,1.3850404257591535,1.7603690617576075,0.375328635998454,0,27,8,0.1567356608220752
1.7402627980079086,0.0648809499712665,1.6130984727814812,1.867427123234336,0.2543286504528548,0,27,10,0.1567356608220752
1.6518730455353399,0.07639559064652013,1.5021404392904953,1.8016056517801844,0.29946521248968905,0,22,7,0.1567356608220752
1.653386767867446,0.07883410713625953,1.4988747571270054,1.8078987786078868,0.3090240214808815,0,30,7,0.1567356608220752
1.600550289130044,0.08677380819327757,1.4304767502698335,1.7706238279902546,0.3401470777204212,0,30,11,0.1567356608220752
1.5707654728961802,0.09571422773918994,1.3831690337193032,1.7583619120730571,0.3751928783537539,0,25,9,0.1567356608220752
1.7183582803633715,0.08034984228366887,1.560875483323907,1.875841077402836,0.3149655940789291,0,21,7,0.1567356608220752
1.5760313963343884,0.10372350963061318,1.3727370531082932,1.7793257395604836,0.4065886864521904,0,21,9,0.1567356608220752
1.6668907410521014,0.087992557367644,1.4944284977039446,1.8393529844002583,0.3449244866963137,0,29,8,0.1567356608220752
1.7296861030266595,0.08074759895617374,1.571423717234475,1.887948488818844,0.3165247715843691,0,19,7,0.1567356608220752
1.726521735471786,0.11178788158502982,1.5074215136570992,1.9456219572864726,0.4382004436293734,0,25,9,0.1567356608220752
1.680744232568979,0.07864069472190695,1.5266113031948323,1.8348771619431257,0.3082658587482934,0,20,6,0.1567356608220752
1.7188845636847363,0.08124150287395807,1.5596541440018712,1.8781149833676014,0.3184608393657302,0,24,7,0.1567356608220752
1.5858076255939273,0.10251570142120844,1.3848805429584972,1.7867347082293574,0.40185416527086026,0,23,8,0.1567356608220752
1.6097209503801233,0.07995983599008265,1.4530025516298317,1.766439349130415,0.3134367975005832,0,26,8,0.1567356608220752
1.829476227305448,0.08768813235236897,1.6576106460232232,2.0013418085876724,0.34373116256444924,1,20,7,0.1567356608220752
1.5849786384147073,0.08501194464510563,1.4183582886545876,1.751598988174827,0.3332406995202395,0,24,9,0.1567356608220752
1.5570748498583773,0.08394325799210094,1.3925490874489055,1.721600612267849,0.3290515248189436,0,28,9,0.1567356608220752
1.5707364351597088,0.07590131444963062,1.4219725924591833,1.7195002778602344,0.2975276854010511,0,21,6,0.1567356608220752
1.7335687171219616,0.07578717191430626,1.5850285896797758,1.8821088445641474,0.2970802548843716,0,28,9,0.1567356608220752
1.555945375477907,0.08422070090398548,1.3908758349533754,1.7210149160024384,0.330139081049063,0,25,7,0.1567356608220752
1.6218744475956368,0.09712233921023655,1.4315181606492908,1.8122307345419828,0.380712573892692,0,26,8,0.1567356608220752
1.6819353744207257,0.08825893588986815,1.5089510387627545,1.854919710078697,0.34596867131594244,0,20,6,0.1567356608220752
1.5204092416762278,0.08988539538217521,1.3442371039910215,1.6965813793614342,0.3523442753704127,0,17,6,0.1567356608220752
1.6799052954844482,0.08629767025902406,1.5107649698270478,1.8490456211418487,0.3382806513148009,0,20,8,0.1567356608220752
1.7886596110853565,0.11317558276159413,1.5668395449433,2.0104796772274134,0.4436401322841135,1,20,8,0.1567356608220752
1.687056195763903,0.09946349927200224,1.4921113194144526,1.8820010721133533,0.3898897526989007,0,16,7,0.1567356608220752
1.6370113929766479,0.08214876338139866,1.4760027753746037,1.798020010578692,0.3220172352040884,0,23,7,0.1567356608220752
1.6465893035656074,0.09605198818726471,1.4583308660751018,1.834847741056113,0.3765168749810113,0,22,7,0.1567356608220752
1.7147622099022075,0.08816775172455867,1.5419565919242033,1.8875678278802117,0.3456112359560084,0,16,4,0.1567356608220752
1.558205496562294,0.10255669534207157,1.357198067318387,1.759212925806201,0.40201485848781404,0,27,9,0.1567356608220752
1.790662100934497,0.10582043787355927,1.5832578538740625,1.9980663479949314,0.41480849412086895,0,26,9,0.1567356608220752
1.6641536168134232,0.08400625939757574,1.4995043739182452,1.8288028597086012,0.32929848579035603,0,18,7,0.1567356608220752
1.6605533709255518,0.08377800784635837,1.4963514928501753,1.8247552490009282,0.3284037561507529,0,30,6,0.1567356608220752
1.457385889099907,0.07410242089833109,1.3121478129719497,1.6026239652278642,0.2904761522559145,0,26,8,0.1567356608220752
1.6759810587347603,0.10312289024046485,1.4738639078817721,1.8780982095877485,0.4042343017059764,0,19,7,0.1567356608220752
1.751884959265344,0.07439065157172536,1.6060819613982944,1.8976879571323937,0.2916059957340993,0,20,5,0.1567356608220752
1.6603732493540604,0.10945060487980235,1.4458540057035238,1.874892493004597,0.4290384873010731,0,32,10,0.1567356608220752
1.6086336273575987,0.0855116729543218,1.4410338281093602,1.7762334266058373,0.33519959849647707,0,25,6,0.1567356608220752
1.6057468331779088,0.08955409311634742,1.4302240360017215,1.781269630354096,0.3510455943523745,0,25,8,0.1567356608220752
1.6680531286799303,0.08774177463042938,1.4960824104646584,1.8400238468952022,0.34394143643054376,0,24,8,0.1567356608220752
1.67780007091757,0.08755666495892762,1.5061921609916318,1.8494079808435082,0.34321581985187644,0,22,8,0.1567356608220752
1.7165813330440436,0.09194241567629732,1.53637750966689,1.8967851564211973,0.36040764675430736,0,25,8,0.1567356608220752
1.611442638172567,0.08748124871518331,1.4399825413682168,1.7829027349769173,0.3429201936087005,0,23,8,0.1567356608220752
1.7108725309707453,0.07830143357219597,1.5574045412313857,1.864340520710105,0.3069359794787192,0,25,8,0.1567356608220752
1.6850345886921807,0.09997537653091003,1.489086451350766,1.8809827260335954,0.3918962746828294,0,26,6,0.1567356608220752
1.6492062994970793,0.09933871043539785,1.4545060047730463,1.8439065942211124,0.3894005894480661,0,25,8,0.1567356608220752
1.7206225177218712,0.11160270812490848,1.501885229219915,1.9393598062238275,0.43747457700391257,0,26,7,0.1567356608220752
1.7831141352656572,0.08919483615787333,1.6082954687892745,1.9579328017420399,0.34963733295276533,0,21,6,0.1567356608220752
1.9386128499670106,0.09689239277662368,1.7487072497489193,2.1285184501851018,0.37981120043618244,1,19,7,0.1567356608220752
1.6588853578996359,0.09754232779028832,1.4677059084624704,1.8500648073368013,0.38235889887433094,0,24,7,0.1567356608220752
1.7015138705887867,0.08815892625238193,1.5287255502183954,1.874302190959178,0.34557664074078254,0,22,6,0.1567356608220752
1.6777650794799723,0.08570064839210312,1.5097948951797198,1.845735263780225,0.33594036860050513,0,19,7,0.1567356608220752
1.842019748081285,0.1154369862681386,1.6157674125118886,2.0682720836506814,0.4525046711387928,1,24,5,0.1567356608220752
1.5717221587537016,0.09543477372588681,1.384673439378234,1.758770878129169,0.37409743875093504,0,28,9,0.1567356608220752
1.651515326127897,0.09335476164747135,1.468543355513532,1.8344872967422619,0.36594394122872975,0,27,7,0.1567356608220752
1.8676264900234432,0.0859888536842103,1.6990914337305068,2.0361615463163796,0.3370701125858728,1,21,6,0.1567356608220752
1.6553812136628143,0.07857052896483085,1.5013858066454846,1.809376620680144,0.30799081403465944,0,24,6,0.1567356608220752
1.6355449946290028,0.10429137654312808,1.4311376527063664,1.8399523365516393,0.40881468384527286,0,24,8,0.1567356608220752
1.7742131441043778,0.10614726814067486,1.566168321491339,1.9822579667174165,0.4160896452260774,0,26,6,0.1567356608220752
1.6957364529525258,0.07394113135736058,1.5508144985159538,1.840658407389098,0.28984390887314415,0,24,6,0.1567356608220752
1.7216367579106189,0.08627455507760007,1.5525417371763055,1.8907317786449322,0.33819004146862675,0,22,8,0.1567356608220752
1.7707435262737001,0.08900423860797534,1.596298424130659,1.9451886284167412,0.3488902042860822,0,17,5,0.1567356608220752
1.7649379266450882,0.11486598895336564,1.539804725247916,1.9900711280422605,0.4502664027943446,0,27,6,0.1567356608220752
1.7003529212600972,0.06781829780942221,1.567431500060818,1.8332743424593763,0.26584284239855815,0,26,8,0.1567356608220752
1.7343063552454647,0.09131731969070966,1.5553276974869434,1.913285013003986,0.3579573155170426,0,19,9,0.1567356608220752
1.7105377739188319,0.09269698500981693,1.5288550218241415,1.8922205260135223,0.36336550418938085,0,19,5,0.1567356608220752
1.6154931104070798,0.07813827516042778,1.4623449052785606,1.768641315535599,0.30629641025703824,0,31,9,0.1567356608220752
1.6395793405149888,0.0862756352075582,1.4704822027648587,1.8086764782651188,0.33819427550026004,0,26,6,0.1567356608220752
1.7098990183775482,0.08186401981905357,1.54944848790253,1.8703495488525663,0.32090106095003623,0,18,6,0.1567356608220752
1.641096963783735,0.08489508929675711,1.4747056462977792,1.8074882812696906,0.3327826349719114,0,24,7,0.1567356608220752
1.5658149666254952,0.07389425389057654,1.4209848903355065,1.710645042915484,0.28966015257997757,0,27,6,0.1567356608220752
1.6058047176244656,0.08896694178419737,1.431432715912767,1.7801767193361642,0.34874400342339706,0,21,10,0.1567356608220752
1.464588247462969,0.07489254565008532,1.3178015552782798,1.6113749396476582,0.2935733843693784,0,28,13,0.1567356608220752
1.5183820047831127,0.07812855582297468,1.3652528492059552,1.6715111603602701,0.3062583111543149,0,26,9,0.1567356608220752
1.679090705150839,0.09828913639529914,1.4864475377445077,1.8717338725571704,0.3852863348126627,0,24,8,0.1567356608220752
1.7036503652911632,0.08433993699380668,1.5383471263249247,1.8689536042574018,0.3306064779324771,0,20,4,0.1567356608220752
1.627895949631101,0.08405357273281963,1.4631539743028565,1.7926379249593454,0.32948395065648883,0,26,9,0.1567356608220752
1.6296606030281473,0.07520653026963853,1.4822585122974343,1.7770626937588603,0.29480418146142595,0,27,12,0.1567356608220752
1.5850315686355265,0.08545233660251476,1.4175480664998037,1.7525150707712494,0.33496700427144566,0,26,4,0.1567356608220752
1.6296289671899542,0.0730561200569343,1.4864416030281287,1.7728163313517797,0.2863747283236511,0,16,5,0.1567356608220752
1.6962699753255475,0.0882432973609946,1.5233162906209397,1.8692236600301553,0.3459073694092156,0,21,5,0.1567356608220752
1.7613706801661464,0.08489283039859725,1.5949837900392287,1.927757570293064,0.3327737802538353,0,25,7,0.1567356608220752
1.7546083138457802,0.08179453891485433,1.5942939634406057,1.9149226642509547,0.320628700810349,0,25,6,0.1567356608220752
1.6458175675747664,0.08231163285559794,1.4844897316691106,1.8071454034804222,0.3226556718113116,0,24,7,0.1567356608220752
1.7345057685339658,0.07914272595277588,1.5793888760282015,1.88962266103973,0.31023378501152843,0,29,13,0.1567356608220752
1.73588566005741,0.08415607218865043,1.5709427894873023,1.9008285306275177,0.3298857411402154,0,20,7,0.1567356608220752
1.7503486444468894,0.10516236875844714,1.5442341891514129,1.956463099742366,0.4122289105909531,0,21,10,0.1567356608220752
1.7490345214125498,0.09158036649201501,1.5695403013972216,1.928528741427878,0.35898844003065644,0,24,6,0.1567356608220752
1.7403645671465282,0.09071644739250584,1.5625635974517942,1.9181655368412622,0.35560193938946805,0,25,10,0.1567356608220752
1.6247050189261933,0.09261994343575286,1.4431732655419807,1.806236772310406,0.36306350676842536,0,22,9,0.1567356608220752
1.6498645599606325,0.0834453019181923,1.4863147735219044,1.8134143463993606,0.32709957287745617,0,27,8,0.1567356608220752
1.7913101383433125,0.10584289293094835,1.5838618801791247,1.9987583965075004,0.41489651632837576,0,23,6,0.1567356608220752
1.7875362257625602,0.08602655990637167,1.6189272666321943,1.956145184892926,0.3372179182607318,0,22,5,0.1567356608220752
1.6755323348168716,0.09230680659567518,1.494614318361444,1.8564503512722992,0.3618360329108552,0,22,7,0.1567356608220752
1.6417858778701653,0.09306614662496553,1.459379582305309,1.8241921734350215,0.3648125911297124,0,22,8,0.1567356608220752
1.690047984372154,0.08768452515462132,1.5181894730676,1.8619064956767082,0.3437170226091082,0,25,8,0.1567356608220752
1.612188399398965,0.10289570774848482,1.4105165180481758,1.8138602807497541,0.40334376270157835,0,24,11,0.1567356608220752
1.684482012565642,0.09478535344334878,1.4987061335547787,1.8702578915765051,0.37155175802172646,0,23,6,0.1567356608220752
1.6186565419545627,0.09044700175836255,1.4413836759985412,1.795929407910584,0.35454573191204286,0,20,6,0.1567356608220752
1.659814357492178,0.09756039872119383,1.4685994896812704,1.8510292253030856,0.38242973562181515,0,27,11,0.1567356608220752
1.78627856316498,0.10053177678387917,1.5892399013667569,1.9833172249632032,0.3940773235964463,0,24,7,0.1567356608220752
1.7194802921901795,0.09661610625775396,1.5301162035984868,1.9088443807818722,0.3787281771833855,0,19,8,0.1567356608220752
1.5738665797883402,0.10688166395561928,1.3643823678276137,1.7833507917490667,0.41896842392145306,0,27,8,0.1567356608220752
1.8959910159627649,0.09884164108180707,1.7022649592695884,2.0897170726559415,0.3874521133863531,1,15,5,0.1567356608220752
1.6499290255062609,0.11178326067153448,1.4308378605156007,1.869020190496921,0.43818232998132034,0,22,5,0.1567356608220752
1.6639444874756912,0.08872638141347397,1.4900439754267183,1.8378449995246642,0.3478010240979459,0,25,7,0.1567356608220752
1.6458239409572493,0.09454299005735958,1.460523085454096,1.8311247964604025,0.37060171100630646,0,21,6,0.1567356608220752
1.591777845768632,0.09537270775379958,1.4048507734631208,1.7787049180741432,0.3738541446110224,0,27,10,0.1567356608220752
1.6149097519334572,0.0779372985807874,1.4621554536627692,1.7676640502041452,0.30550859654137597,0,32,13,0.1567356608220752
1.7000497312053768,0.09351737046688938,1.516759053161384,1.8833404092493697,0.3665813560879858,0,24,9,0.1567356608220752
1.616589141623891,0.08858024167666288,1.4429750581957776,1.7902032250520041,0.3472281668562265,0,22,9,0.1567356608220752
1.6535782132171404,0.10181584359672254,1.4540228267120012,1.8531335997222795,0.3991107730102783,0,27,10,0.1567356608220752
1.5896839245141425,0.10493563480394102,1.3840138596035703,1.7953539894247148,0.41134012982114454,0,18,7,0.1567356608220752
1.611841708666123,0.1205233982904535,1.3756201887224577,1.8480632286097882,0.4724430398873305,0,27,8,0.1567356608220752
1.7499264527624971,0.09983125470428121,1.554260789010661,1.9455921165143333,0.3913313275036723,0,26,6,0.1567356608220752
1.8855588975109168,0.0875863835864758,1.7138927401453141,2.0572250548765196,0.3433323147312055,1,26,6,0.1567356608220752
1.624280873259774,0.0961213972552538,1.4358863964958093,1.8126753500237387,0.3767889535279294,0,23,5,0.1567356608220752
1.619270311661277,0.09719183262670318,1.4287778201214938,1.8097628032010602,0.3809849830795664,0,21,10,0.1567356608220752
1.7637229209008851,0.08643007126468474,1.5943230940408728,1.9331227477608974,0.33879965372002463,0,26,10,0.1567356608220752
1.5666907460402788,0.12592560783115123,1.3198810899599074,1.8135004021206502,0.49361931216074284,0,26,13,0.1567356608220752
1.6507345674140406,0.1007106925416083,1.4533452371744016,1.8481238976536796,0.394778660479278,0,30,7,0.1567356608220752
1.7372512839230834,0.07742984947412886,1.585491567625433,1.8890110002207336,0.30351943259530056,0,22,5,0.1567356608220752
1.6389642443612178,0.08691562198342401,1.468612755579809,1.8093157331426266,0.34070297756281764,0,16,4,0.1567356608220752
1.6400626976499106,0.07652934570437396,1.4900679363089226,1.7900574589908986,0.299989522681976,0,24,9,0.1567356608220752
1.7784714765523002,0.0766695836591084,1.628201853870767,1.9287410992338334,0.3005392453630664,0,23,8,0.1567356608220752
1.7563702880632777,0.08423879973595974,1.5912652744799143,1.921475301646641,0.33021002716672676,0,22,5,0.1567356608220752
1.6611950703429716,0.09241839697299356,1.4800583407669787,1.8423317999189646,0.36227345915198583,0,25,6,0.1567356608220752
1.7656747513527482,0.08169981209529606,1.6055460621022781,1.9258034406032183,0.32025737850094016,0,22,8,0.1567356608220752
1.6628822112363446,0.10220792189528327,1.4625583653869065,1.8632060570857827,0.40064769169887615,0,24,8,0.1567356608220752
1.7864810726090523,0.08250354577787287,1.62477709428757,1.9481850509305347,0.32340795664296484,0,24,4,0.1567356608220752
1.547774197744194,0.08861657576761574,1.3740889008064021,1.7214594946819857,0.34737059387558356,0,26,10,0.1567356608220752
1.5884425716466262,0.08742770867864356,1.4170874113856249,1.7597977319076274,0.34271032052200257,0,23,8,0.1567356608220752
1.6717402352619317,0.08242821139109552,1.5101839096253302,1.8332965608985332,0.323112651273203,0,24,9,0.1567356608220752
1.6652312450262106,0.10100771200690135,1.46725976733189,1.8632027227205312,0.3959429553886413,0,21,6,0.1567356608220752
1.5858631743052902,0.09002111489799813,1.4094250312570717,1.7623013173535087,0.35287628609643695,0,25,8,0.1567356608220752
1.7738277692269544,0.08846127193756181,1.6004468622027295,1.9472086762511793,0.34676181404844986,0,25,5,0.1567356608220752
1.6360227637309777,0.09468623560478986,1.4504411521139153,1.82160437534804,0.37116322323412465,0,23,9,0.1567356608220752
1.6943381648809286,0.09495936895061653,1.508221221743069,1.8804551080187881,0.3722338862757191,0,25,7,0.1567356608220752
1.5160567594629095,0.10690618421045066,1.3065244886858216,1.7255890302399974,0.41906454155417583,0,23,6,0.1567356608220752
1.6757118787250445,0.09211842160669638,1.4951630900632433,1.8562606673868456,0.36109757732360226,0,30,11,0.1567356608220752
1.5016192351929445,0.10495221447839728,1.2959166747175626,1.7073217956683264,0.41140512095076387,0,22,8,0.1567356608220752
1.5972835683368019,0.08476196731564355,1.4311531651393792,1.7634139715342245,0.33226080639484534,0,23,8,0.1567356608220752
1.6815666711238875,0.09458598200216617,1.496181552957288,1.866951789290487,0.37077023633319905,0,27,11,0.1567356608220752
1.597604044307476,0.08495418592363474,1.4310968995612323,1.7641111890537196,0.33301428949248724,0,24,6,0.1567356608220752
1.634233230312014,0.09261771209957943,1.4527058502663386,1.8157606103576893,0.36305476009135074,0,23,7,0.1567356608220752
1.6499017494739312,0.08678902833356557,1.4797983796869163,1.820005119260946,0.3402067395740298,0,26,6,0.1567356608220752
1.7237239659936259,0.08415705703475933,1.5587791651606144,1.8886687668266373,0.3298896016660229,0,28,9,0.1567356608220752
1.7194610450701073,0.09448036721604586,1.5342829280805386,1.904639162059676,0.37035623397913753,0,25,6,0.1567356608220752
1.6252165403705767,0.08065848659003995,1.4671288116065915,1.783304269134562,0.3161754575279705,0,25,5,0.1567356608220752
1.7537454155457848,0.0940548191826312,1.5694013573754007,1.938089473716169,0.36868811634076826,0,25,8,0.1567356608220752
1.5459228207848228,0.09059911483379987,1.3683518186793664,1.7234938228902792,0.3551420042109128,0,21,7,0.1567356608220752
1.6608712501364225,0.08820292242500725,1.487996698852228,1.833745801420617,0.345749102568389,0,21,7,0.1567356608220752
1.759967117620362,0.1163332431229236,1.5319581508946898,1.9879760843460341,0.45601793345134434,0,22,6,0.1567356608220752
1.7753660490795686,0.09195245895024781,1.5951425412471851,1.9555895569119521,0.360447015664767,0,21,5,0.1567356608220752
1.7386275260616864,0.0822182868410188,1.5774826449827062,1.8997724071406665,0.32228976215796035,0,23,7,0.1567356608220752
1.7554539325666048,0.08411911149904147,1.5905835036169744,1.920324361516235,0.32974085789926066,0,24,8,0.1567356608220752
1.7367247653804658,0.09213621961137822,1.5561410932704915,1.91730843749044,0.36116734421994856,0,28,7,0.1567356608220752
1.823341963516048,0.08589945457194123,1.6549821262634086,1.9917018007686873,0.33671967450527873,0,24,4,0.1567356608220752
1.6753038052700575,0.08966533374953883,1.4995629804591977,1.8510446300809174,0.3514816496217197,0,24,7,0.1567356608220752
1.8151928337846905,0.11191442799351484,1.5958445855670003,2.034541082002381,0.43869649643538056,1,21,10,0.1567356608220752
1.8292122447488186,0.07901036248513385,1.6743547798725016,1.9840697096251356,0.30971492975263404,0,20,4,0.1567356608220752
1.6471381393206705,0.07936050699846088,1.4915944038088482,1.8026818748324929,0.31108747102364465,0,23,6,0.1567356608220752
1.6559091796688314,0.08119680391034428,1.4967663683447956,1.8150519909928673,0.3182856226480717,0,21,4,0.1567356608220752
1.6726350149110898,0.09010975094638196,1.496023148400307,1.8492468814218725,0.3532237330215655,0,24,9,0.1567356608220752
1.6716156744008939,0.08380678922131446,1.507357385867178,1.8358739629346097,0.32851657706743165,0,25,8,0.1567356608220752
1.843285313601722,0.10382109276512068,1.6397997109464935,2.0467709162569503,0.40697120531045683,1,21,5,0.1567356608220752
1.7656303054645939,0.08262625602464314,1.6036858194789076,1.92757479145028,0.32388897197137245,0,24,10,0.1567356608220752
1.5685992728908715,0.0829606320337761,1.4059994219699905,1.7311991238117526,0.32519970184176206,0,25,7,0.1567356608220752
1.8325003162466023,0.07761770322381206,1.6803724133652123,1.9846282191279923,0.30425580576278,0,16,5,0.1567356608220752
1.6238295810203778,0.0916608764731864,1.4441775643415578,1.8034815976991978,0.35930403335764005,0,26,4,0.1567356608220752
1.817580753609324,0.09346574726482546,1.6343912551821431,2.000770252036505,0.36637899685436204,1,18,8,0.1567356608220752
1.7682397994392849,0.09364905378449652,1.5846910268354173,1.9517885720431525,0.3670975452077352,0,24,5,0.1567356608220752
1.6709821591383074,0.08075508796042981,1.512705095167501,1.8292592231091138,0.31655412794161286,0,22,8,0.1567356608220752
1.5527305812457195,0.0741552160568335,1.4073890285085395,1.6980721339828995,0.29068310547435994,0,26,6,0.1567356608220752
1.591215366275134,0.06925390096565837,1.45548021459354,1.7269505179567282,0.2714703033631882,0,26,11,0.1567356608220752
1.699698761315894,0.09806073851543694,1.507503245528238,1.89189427710355,0.38439103157531207,0,20,7,0.1567356608220752
1.6470632990265561,0.09237827599144535,1.4660052051294221,1.8281213929236901,0.362116187794268,0,22,7,0.1567356608220752
1.7104789869131816,0.09824609241509707,1.5179201841577976,1.9030377896685655,0.3851176055107679,0,21,6,0.1567356608220752
1.638926585679829,0.0752629587459975,1.49141389716775,1.786439274191908,0.295025377024158,0,23,7,0.1567356608220752
1.7269130457670054,0.11755640662397722,1.4965067226320643,1.9573193689019466,0.4608126462698823,0,23,7,0.1567356608220752
1.4460571074697661,0.08190164666212359,1.2855328297374788,1.6065813852020534,0.32104855546457456,0,18,6,0.1567356608220752
1.6224405071545687,0.06610895471905358,1.4928693368496344,1.752011677459503,0.2591423406098685,0,29,12,0.1567356608220752
1.6863283928744055,0.07791160175862807,1.5336244594496669,1.8390323262991441,0.3054078668494773,0,24,8,0.1567356608220752
1.54972390185524,0.0948141168425353,1.3638916476178982,1.7355561560925818,0.3716645084746837,0,21,8,0.1567356608220752
1.6953258908501858,0.08062588073871274,1.5373020683804872,1.8533497133198844,0.3160476449393972,0,18,5,0.1567356608220752
1.749603781662281,0.09125001144598772,1.5707570456392772,1.9284505176852846,0.35769347204600743,0,24,7,0.1567356608220752
1.6183747403153577,0.08486783101451288,1.452036848080881,1.7847126325498344,0.3326757844689534,0,27,9,0.1567356608220752
1.6933168097180102,0.09495401781568333,1.5072103546118962,1.8794232648241243,0.372212910212228,0,23,3,0.1567356608220752
1.6956822889943648,0.08883654962525356,1.5215658512180625,1.869798726770667,0.3482328755526045,0,21,6,0.1567356608220752
1.525452032110617,0.0804411395613158,1.367790295695078,1.6831137685261561,0.3153234728310781,0,23,10,0.1567356608220752
1.5512349934162786,0.08432950242032877,1.385952205838251,1.7165177809943062,0.3305655751560552,0,20,9,0.1567356608220752
1.6328707024483347,0.0886877589504473,1.4590458890358882,1.8066955158607811,0.347649626824893,0,28,10,0.1567356608220752
1.814123125760705,0.08742782207287211,1.6427677432510996,1.9854785082703101,0.3427107650192105,0,21,7,0.1567356608220752
1.6661965509318382,0.08433978364038633,1.5008936125327805,1.8314994893308958,0.33060587679811526,0,20,8,0.1567356608220752
1.6564829114451909,0.07980210784163341,1.500073654185208,1.8128921687051738,0.3128185145199658,0,21,7,0.1567356608220752
1.8414562411587752,0.09364748194726531,1.6579105492992703,2.02500193301828,0.36709138371900973,1,27,5,0.1567356608220752
1.6963857194613121,0.10426666462870729,1.4920268120009295,1.9007446269216948,0.4087178149207653,0,19,5,0.1567356608220752
1.7479956035852493,0.08164950149258846,1.5879655213041266,1.908025685866372,0.3200601645622454,0,27,9,0.1567356608220752
1.9376735180028821,0.09831822823472648,1.7449733316390292,2.1303737043667352,0.385400372727706,1,19,6,0.1567356608220752
1.5854146077887528,0.08340457793588334,1.4219446388886574,1.7488845766888481,0.3269399378001907,0,25,9,0.1567356608220752
1.5335072342303753,0.11001569411704136,1.317880436026799,1.7491340324339515,0.43125359640715244,0,25,9,0.1567356608220752
1.7431540442514337,0.09811737456930261,1.5508475238379744,1.935460564664893,0.3846130408269186,0,24,9,0.1567356608220752
1.6177385988751452,0.0825146631530517,1.4560128308987095,1.7794643668515808,0.32345153595287135,0,26,7,0.1567356608220752
1.781987410398558,0.10117686228377655,1.583684404253587,1.980290416543529,0.3966060122899422,0,22,5,0.1567356608220752
1.7729007884126158,0.0835414926529652,1.6091624715980863,1.9366391052271452,0.3274766336290589,0,31,13,0.1567356608220752
1.5959299660753987,0.09206610730006096,1.415483711570479,1.7763762205803184,0.3608925090098394,0,26,6,0.1567356608220752
1.6225111284380755,0.09233611576728332,1.4415356670618793,1.8034865898142718,0.3619509227523925,0,22,7,0.1567356608220752
1.626668219111453,0.08470798230233026,1.4606436245958294,1.7926928136270766,0.33204918903124714,0,24,4,0.1567356608220752
1.7389599544952201,0.0779377455592252,1.5862047801628922,1.891715128827548,0.30551034866465576,0,30,8,0.1567356608220752
1.5925391757721636,0.0883513543151069,1.4193737033292166,1.7657046482151106,0.346330944885894,0,23,10,0.1567356608220752
1.5540853973289865,0.09793329279028282,1.362139670572616,1.746031124085357,0.3838914535127409,0,24,6,0.1567356608220752
1.5849631581351291,0.09851402857392975,1.391879210158277,1.7780471061119811,0.38616789595370404,0,28,7,0.1567356608220752
1.6500858113016306,0.11267273932708388,1.4292513001810765,1.8709203224221846,0.44166902224110816,0,22,11,0.1567356608220752
1.611436062681848,0.0958996580404212,1.4234761867929153,1.7993959385707807,0.3759197517778654,0,21,9,0.1567356608220752
1.7787764744640595,0.08348779409226191,1.6151434048945303,1.9424095440335887,0.32726613913905833,0,27,6,0.1567356608220752
1.5212743740996773,0.07275924618582882,1.3786688720331695,1.663879876166185,0.2852110041330156,0,28,7,0.1567356608220752
1.749674057402408,0.0954293958890176,1.5626358783935186,1.9367122364112972,0.3740763580177786,0,23,8,0.1567356608220752
1.474516167587523,0.07735597529399049,1.3229012420223314,1.6261310931527144,0.30322985113038303,0,25,9,0.1567356608220752
1.6221272860863256,0.08800723529314092,1.449636274532827,1.7946182976398242,0.3449820231069971,0,22,10,0.1567356608220752
1.7541346046537025,0.09191047491288416,1.5739933840224773,1.9342758252849277,0.36028244126245035,0,23,8,0.1567356608220752
1.6384759203339825,0.08694549685878755,1.4680658778728184,1.8088859627951466,0.3408200849223282,0,25,8,0.1567356608220752
1.7134018336559578,0.11646449139174458,1.4851356250503631,1.9416680422615524,0.4565324172111893,0,25,6,0.1567356608220752
1.66355693772479,0.08965152985522198,1.4878431680496376,1.8392707073999426,0.351427539350305,0,23,10,0.1567356608220752
1.5512664717510634,0.08243343501761434,1.3896999079946164,1.7128330355075103,0.3231331275128939,0,26,11,0.1567356608220752
1.8128841216398466,0.11799286252914032,1.5816223606499458,2.0441458826297474,0.4625235219798016,1,17,6,0.1567356608220752
1.6855419881120772,0.10169929800471823,1.4862150267698233,1.8848689494543311,0.39865392268450783,0,28,8,0.1567356608220752
1.5942064142500272,0.08714428787041084,1.4234067485656312,1.7650060799344232,0.34159933136879195,0,28,11,0.1567356608220752
1.5541970677112045,0.0805508547440364,1.3963202934889758,1.7120738419334331,0.31575354844445735,0,22,8,0.1567356608220752
1.6889963569386677,0.09210283165034938,1.508478124029827,1.8695145898475083,0.36103646581768123,0,29,9,0.1567356608220752
1.68520549581243,0.09201068365336294,1.5048678696589304,1.8655431219659298,0.36067525230699937,0,30,10,0.1567356608220752
1.8886090645787492,0.09397706450361545,1.7044174027788654,2.072800726378633,0.3683833235997678,1,27,5,0.1567356608220752
1.708498098033068,0.08570177817691446,1.5405256993952747,1.8764704966708612,0.33594479727558646,0,21,7,0.1567356608220752
1.7814901076839451,0.09151053221515802,1.602132760336143,1.9608474550317472,0.35871469469560413,0,22,6,0.1567356608220752
1.7340766701012842,0.0858215030700283,1.5658696149849352,1.9022837252176332,0.33641411023269807,0,20,8,0.1567356608220752
1.7260963520270534,0.10849149844545967,1.513456922445169,1.9387357816089377,0.4252788591637686,0,28,9,0.1567356608220752
1.6668430022825658,0.09821912770812564,1.4743370493816994,1.8593489551834321,0.3850119058017327,0,22,8,0.1567356608220752
1.6596652602352968,0.10292157845998377,1.4579426732217153,1.8613878472488783,0.40344517402716296,0,29,6,0.1567356608220752
1.7745013182644405,0.09801793713799015,1.5823896916350688,1.966612944893812,0.3842232532587433,0,25,9,0.1567356608220752
1.70497095253643,0.06511738858784075,1.5773432161369627,1.8325986889358974,0.2552554727989347,0,25,9,0.1567356608220752
1.6925334041526225,0.09846036927091109,1.4995546264771225,1.8855121818281226,0.3859575553510002,0,19,5,0.1567356608220752
1.8392647702737053,0.08701502628087554,1.668718452649383,2.0098110878980275,0.3410926352486445,1,24,5,0.1567356608220752
1.8351949139223256,0.09881824518604636,1.6415147123422262,2.028875115502425,0.38736040316019893,1,25,6,0.1567356608220752
1.6885750213338526,0.08052657391615164,1.5307458366597928,1.8464042060079124,0.31565836934811964,0,21,7,0.1567356608220752
1.6528890543232793,0.0967907936041233,1.4631825848241478,1.8425955238224108,0.379412938998263,0,25,10,0.1567356608220752
1.6231378343248712,0.08264923699569482,1.461148306463594,1.7851273621861485,0.3239790557225546,0,24,13,0.1567356608220752
1.699346637484192,0.09772593888969525,1.507807316905027,1.8908859580633568,0.3830786411583298,0,20,10,0.1567356608220752
1.6938444074748682,0.11604669351888114,1.4663970676529035,1.921291747296833,0.4548946796439295,0,24,8,0.1567356608220752
1.652685677485551,0.07804040874672306,1.499729287003189,1.8056420679679128,0.30591278096472374,0,25,9,0.1567356608220752
1.667554586776618,0.10803534611335215,1.4558091993371285,1.8792999742161074,0.4234907748789789,0,23,9,0.1567356608220752
1.7429439391579438,0.08765575946603195,1.5711418075670152,1.9147460707488724,0.3436042631818572,0,18,4,0.1567356608220752
1.5456474948299306,0.08345292306813298,1.382082771211798,1.7092122184480631,0.32712944723626514,0,26,6,0.1567356608220752
1.5761671189473443,0.11820304058376312,1.3444934165400422,1.8078408213546464,0.46334740481460424,0,26,8,0.1567356608220752
1.502637069934399,0.08042064541228479,1.3450155013128544,1.6602586385559435,0.31524313724308906,0,24,9,0.1567356608220752
1.6106439828894985,0.08994542168651318,1.4343541958096648,1.7869337699693322,0.35257957415966734,0,20,8,0.1567356608220752
1.6215457994282887,0.08317546800124749,1.45852487774858,1.7845667211079974,0.32604184335941744,0,25,11,0.1567356608220752
1.6944284363842574,0.07457519184984066,1.5482637462184048,1.84059312655011,0.2923293803317053,0,24,12,0.1567356608220752
1.6970882448503506,0.1173658041199041,1.4670554957587558,1.9271209939419454,0.46006549818318954,0,21,6,0.1567356608220752
1.7547905055773048,0.08318049306005146,1.59175973496332,1.9178212761912896,0.3260615412279697,0,20,9,0.1567356608220752
1.72192473156959,0.10117892224660346,1.5236176879716687,1.9202317751675113,0.39661408719584257,0,25,7,0.1567356608220752
1.6105146692030168,0.09831468507696473,1.4178214273007683,1.8032079111052652,0.3853864838044969,0,19,9,0.1567356608220752
1.713808186694008,0.08977051696219826,1.5378612065745574,1.8897551668134587,0.3518939602389013,0,21,5,0.1567356608220752
1.7070563241327557,0.1025553582152341,1.5060515156092928,1.9080611326562185,0.4020096170469256,0,23,5,0.1567356608220752
1.503308092555927,0.08216118095497389,1.3422751369569,1.664341048154954,0.32206591119805417,0,25,11,0.1567356608220752
1.7000301153919422,0.08795692056810797,1.5276377188874002,1.8724225118964841,0.34478479300908393,0,21,6,0.1567356608220752
1.6486021073541817,0.10079988260503406,1.4510379678024494,1.846166246905914,0.3951282791034645,0,29,5,0.1567356608220752
1.6812336999652568,0.10031736561116143,1.4846152763434435,1.8778521235870702,0.39323684724362673,0,24,5,0.1567356608220752
1.7259950068586378,0.07603778549452364,1.5769636858251894,1.8750263278920862,0.2980626420668968,0,25,6,0.1567356608220752
1.7247803649456896,0.0850926151753066,1.5580019038517623,1.891558826039617,0.3335569221878547,0,26,9,0.1567356608220752
1.6897316826587467,0.10475990471385885,1.4844060423957355,1.895057322921758,0.4106512805260225,0,18,7,0.1567356608220752
1.7429108932961892,0.08536923009227448,1.5755902769274182,1.9102315096649602,0.3346412327375421,0,20,9,0.1567356608220752
1.6987228080740084,0.09697010331142449,1.5086648980064883,1.8887807181415286,0.3801158201350403,0,22,5,0.1567356608220752
1.712297586359298,0.09434215038033951,1.5273903693897708,1.8972048033288251,0.36981443393905433,0,25,10,0.1567356608220752
1.7095286105768381,0.09200194974904166,1.5292081025612525,1.8898491185924238,0.36064101603117127,0,24,7,0.1567356608220752
1.6906796588957103,0.09035006656916844,1.5135967824193437,1.8677625353720768,0.3541657529527331,0,21,6,0.1567356608220752
1.7392680761871104,0.07660190254568741,1.589131106050316,1.889405046323905,0.300273940273589,0,21,6,0.1567356608220752
1.5183446081250442,0.07306075997383524,1.3751481498932017,1.6615410663568868,0.28639291646368514,0,27,11,0.1567356608220752
1.5016623748982485,0.0828723596138681,1.3392355347412153,1.6640892150552817,0.3248536803140665,0,27,14,0.1567356608220752
1.59014355374506,0.07539701577969642,1.4423681182750567,1.737918989215063,0.2955508709400063,0,23,8,0.1567356608220752
1.5976910154076163,0.10271155025642408,1.3963800761087493,1.7990019547064833,0.402621878597734,0,21,8,0.1567356608220752
1.6056191765829493,0.08396077865377524,1.4410590743076104,1.7701792788582882,0.3291202045506778,0,21,8,0.1567356608220752
1.6434575789223276,0.10416087280501435,1.439306019626242,1.8476091382184132,0.4083031185921713,0,25,8,0.1567356608220752
1.6077934901457882,0.10113509045596605,1.4095723552788941,1.8060146250126823,0.39644226973378816,0,24,8,0.1567356608220752
1.6939986106249778,0.08477667903559373,1.5278393729863022,1.8601578482636534,0.33231847527735114,0,24,10,0.1567356608220752
1.6952013634751846,0.09120085285428216,1.5164509765214547,1.8739517504289145,0.3575007739074598,0,25,8,0.1567356608220752
1.6839767004944206,0.09890579090445743,1.4901249124592348,1.8778284885296064,0.38770357607037154,0,25,8,0.1567356608220752
1.6952455004358904,0.08119346837245695,1.5361092266459828,1.854381774225798,0.31827254757981516,0,20,6,0.1567356608220752
1.5991594292970812,0.08823241213618924,1.4262270792410556,1.7720917793531068,0.34586470011205117,0,22,7,0.1567356608220752
1.7337614678820885,0.0914842878845692,1.554455558477039,1.913067377287138,0.35861181881009907,0,27,7,0.1567356608220752
1.7270910230566465,0.0803699697362796,1.5695687769349644,1.8846132691783286,0.31504449224336417,0,21,6,0.1567356608220752
1.6770374357688411,0.08860998621464011,1.5033650541175558,1.8507098174201264,0.3473447633025706,0,23,6,0.1567356608220752
1.57393297198454,0.08181827899950175,1.4135720918684669,1.7342938521006133,0.3207217602321464,0,26,10,0.1567356608220752
1.535855873192387,0.08002628810261717,1.379007230694831,1.692704515689943,0.31369728499511185,0,23,6,0.1567356608220752
1.4535864375143959,0.08537964542476348,1.2862454074690595,1.6209274675597323,0.3346820600906728,0,21,8,0.1567356608220752
1.6733461438576764,0.10222761164999675,1.4729837067981355,1.8737085809172174,0.40072487411908186,0,18,5,0.1567356608220752
1.674856384711874,0.09184873085859871,1.4948361802033079,1.8548765892204402,0.3600404090171323,0,26,8,0.1567356608220752
1.6951860020595344,0.09386364379913673,1.51121664075553,1.8791553633635387,0.36793872260800864,0,22,3,0.1567356608220752
1.9134226090675714,0.10425270534723965,1.7090910612961154,2.1177541568390277,0.40866309554291225,1,23,5,0.1567356608220752
1.589972614688177,0.08328724139587441,1.4267326211805695,1.7532126081957844,0.32647998701521486,0,18,8,0.1567356608220752
1.6096312036368756,0.08158433177131293,1.4497288516623354,1.7695335556114158,0.31980470394908034,0,20,4,0.1567356608220752
1.6789182548657988,0.09989279648933268,1.4831319714317177,1.87470453829988,0.3915725668681622,0,21,6,0.1567356608220752
1.9013344503387506,0.0918916971937354,1.7212300333607689,2.0814388673167326,0.3602088339559637,1,21,6,0.1567356608220752
1.611140042429729,0.08903448531055415,1.4366356578389825,1.7856444270204757,0.34900876918149315,0,31,11,0.1567356608220752
1.782932451222326,0.07846338694115895,1.629147038712624,1.936717863732028,0.307570825019404,0,20,5,0.1567356608220752
1.6268598359535376,0.11054668676289028,1.410192311288042,1.8435273606190332,0.4333350493309913,0,24,7,0.1567356608220752
1.7414217880156522,0.09919856918074058,1.5469961651034956,1.9358474109278088,0.3888512458243132,0,23,7,0.1567356608220752
1.6548250958793354,0.08028181289795895,1.4974756339857527,1.812174557772918,0.31469892378716535,0,22,9,0.1567356608220752
1.6329630027657487,0.0870388052297363,1.462370079258069,1.8035559262734284,0.3411858470153595,0,29,7,0.1567356608220752
1.7291213756315997,0.09047248448314428,1.551798564452778,1.9064441868104214,0.3546456223576433,0,19,6,0.1567356608220752
1.6676845127549709,0.08090508607110597,1.50911345788949,1.8262555676204517,0.3171421097309617,0,20,9,0.1567356608220752
1.8047954445717824,0.081643494622746,1.6447771355392107,1.9648137536043542,0.3200366180651435,0,27,7,0.1567356608220752
1.6855194286073512,0.06763637706250261,1.552954565520075,1.8180842916946274,0.26512972617455244,0,24,6,0.1567356608220752
1.5469316004003724,0.09403389595317159,1.3626285510061693,1.7312346497945754,0.3686060987884061,0,18,6,0.1567356608220752
1.8215190343397563,0.09882861221831173,1.6278185137497903,2.0152195549297223,0.387401041179932,1,26,7,0.1567356608220752
1.7099290385080206,0.09039533287676238,1.5327574416990568,1.8871006353169844,0.35434319361792754,0,23,6,0.1567356608220752
1.7168262156739953,0.10042870771544145,1.5199895655378302,1.9136628658101604,0.3936733002723303,0,28,12,0.1567356608220752
1.551860342024699,0.08255851029122997,1.3900486352366088,1.7136720488127892,0.3236234135761804,0,21,6,0.1567356608220752
1.5234915543540657,0.08705392177122676,1.3528690029694939,1.6941141057386375,0.34124510276914366,0,22,9,0.1567356608220752
1.7455555132886182,0.09042679153889169,1.5683222586348793,1.9227887679423572,0.3544665093074779,0,24,6,0.1567356608220752
1.8013786075965974,0.07937025719521015,1.6458157620503044,1.9569414531428904,0.3111256910925859,0,31,9,0.1567356608220752
1.826111657533683,0.10522110463623274,1.6198820820331463,2.0323412330342197,0.41245915100107333,1,19,6,0.1567356608220752
1.7537990221718491,0.09125600673814666,1.574940535592137,1.9326575087515612,0.3577169731594241,0,30,13,0.1567356608220752
1.7031752078538047,0.10990656018708168,1.487762308222441,1.9185881074851685,0.43082579926272757,0,18,6,0.1567356608220752
1.5192333111598102,0.11177048432455684,1.30016718734908,1.7382994349705403,0.4381322476214602,0,22,9,0.1567356608220752
1.6237367758917127,0.11543777841048389,1.3974828877518488,1.8499906640315766,0.4525077762797278,0,25,10,0.1567356608220752
1.724070378704285,0.09157949586454558,1.5445778650874409,1.9035628923211292,0.3589850272336883,0,24,10,0.1567356608220752
1.7263943494623661,0.08203578182294334,1.5656071716458115,1.8871815272789207,0.3215743556331092,0,21,9,0.1567356608220752
1.8514588988254839,0.08469444148356078,1.6854608438269696,2.017456953823998,0.33199610999702855,1,22,6,0.1567356608220752
1.6384491524204363,0.1007039215112685,1.4410730931564015,1.835825211684471,0.3947521185280696,0,24,9,0.1567356608220752
1.7056842006380208,0.07418014430886453,1.5602937894246625,1.8510746118513792,0.29078082242671677,0,32,7,0.1567356608220752
1.5084671377662242,0.08985680971949808,1.3323510269503394,1.684583248582109,0.3522322216317697,0,23,8,0.1567356608220752
1.6651075033382696,0.09655256687806558,1.4758679496423661,1.8543470570341731,0.378479107391807,0,28,8,0.1567356608220752
1.5929639149959773,0.07111836174822471,1.4535744873299659,1.7323533426619888,0.27877885533202296,0,28,8,0.1567356608220752
1.7277918411416573,0.10004441228773198,1.5317083962032263,1.9238752860800883,0.392166889876862,0,29,5,0.1567356608220752
1.8040847158827638,0.09718245433034502,1.6136106054660788,1.9945588262994487,0.3809482208333699,0,28,6,0.1567356608220752
1.6813157086549535,0.09485821062246391,1.4953970321970094,1.8672343851128976,0.37183735291588826,0,28,10,0.1567356608220752
1.8035061591140216,0.07937276256849408,1.6479384031263242,1.959073915101719,0.3111355119753947,0,26,7,0.1567356608220752
1.8072463771514156,0.09946284069534475,1.612302791588495,2.0021899627143362,0.38988717112584115,1,28,10,0.1567356608220752
1.6559378527401893,0.09477126924294763,1.4701895782548635,1.8416861272255152,0.37149654897065165,0,22,5,0.1567356608220752
1.626417655429322,0.09518879944257823,1.4398510367902622,1.8129842740683817,0.37313323727811953,0,24,5,0.1567356608220752
1.7416781694986336,0.10241583765538287,1.5409468162475821,1.9424095227496851,0.40146270650210303,0,23,6,0.1567356608220752
1.599224936629334,0.09710539487697031,1.408901859965932,1.7895480132927362,0.3806461533268042,0,26,12,0.1567356608220752
1.5604695919086806,0.1247758189631058,1.3159134805995034,1.8050257032178578,0.4891122226183544,0,22,6,0.1567356608220752
1.696167497521218,0.08221558601209324,1.5350279099696602,1.8573070850727758,0.32227917510311554,0,22,9,0.1567356608220752
1.6553051293046668,0.10333184723374005,1.4527784302705415,1.857831828338792,0.40505339806825047,0,27,5,0.1567356608220752
1.637974352527087,0.10271080305721707,1.436664877711755,1.8392838273424188,0.4026189496306638,0,25,6,0.1567356608220752
1.6858523560422989,0.08530160763380021,1.5186642772566836,1.8530404348279141,0.3343761575712305,0,25,5,0.1567356608220752
1.5648396125149944,0.11009029341201201,1.3490666023800038,1.780612622649985,0.43154602026998123,0,23,9,0.1567356608220752
1.813691097516209,0.11043866139353935,1.597235298684058,2.03014689634836,0.4329115976643023,1,23,9,0.1567356608220752
1.5634617314703299,0.09627096529975775,1.3747741067258994,1.7521493562147603,0.3773752494888609,0,26,10,0.1567356608220752
1.8620392649202748,0.10107473159334496,1.663936431250266,2.060142098590284,0.39620566734001783,1,25,5,0.1567356608220752
1.7430413424773354,0.08296633020674875,1.5804303233426502,1.9056523616120207,0.32522203826937046,0,23,6,0.1567356608220752
1.7168335901471021,0.11356591300919239,1.4942484907776763,1.939418689516528,0.44517019873885166,0,27,6,0.1567356608220752
1.6877116109726125,0.08812631077182966,1.5149872157694422,1.8604360061757828,0.3454487904063406,0,26,6,0.1567356608220752
1.5096688064113508,0.07179658425367055,1.368950087061161,1.6503875257615406,0.2814374387003795,0,24,7,0.1567356608220752
1.6827875127031782,0.08818489288458428,1.5099482986688706,1.8556267267374857,0.34567842806861515,0,24,8,0.1567356608220752
1.674029862354668,0.09633123840279982,1.4852241044990386,1.8628356202102976,0.37761151571125895,0,27,8,0.1567356608220752
1.7396117896749677,0.07782782869718698,1.5870720484335283,1.892151530916407,0.30507948248287864,0,26,8,0.1567356608220752
1.704538698899686,0.0727855497538166,1.5618816427872573,1.8471957550121147,0.2853141122248575,0,31,9,0.1567356608220752
1.7752572965518463,0.08317859170612804,1.6122302525230732,1.9382843405806194,0.3260540880575462,0,21,9,0.1567356608220752
1.6085349880423911,0.09330503443859439,1.4256604809664768,1.7914094951183055,0.3657490141518287,0,21,9,0.1567356608220752
1.7577276702085665,0.0878028692236426,1.5856372087909467,1.9298181316261862,0.3441809228352395,0,27,8,0.1567356608220752
1.6531401441382494,0.0766254831030958,1.502956956958199,1.8033233313182997,0.3003663743601006,0,19,6,0.1567356608220752
1.619554999968436,0.08855888932774768,1.445982766375182,1.79312723356169,0.3471444671865078,0,23,12,0.1567356608220752
1.7635189474869786,0.08707672458327607,1.592851703412044,1.9341861915619132,0.3413344881498692,0,27,9,0.1567356608220752
1.808938223273962,0.07420861740786962,1.6634920058120253,1.9543844407358986,0.2908924349238733,0,26,8,0.1567356608220752
1.6156578615147916,0.10552790837845634,1.4088269617291747,1.8224887613004086,0.41366179957123395,0,25,10,0.1567356608220752
1.7079642345791188,0.10878677115327637,1.4947460811242963,1.9211823880339414,0.42643630690964507,0,24,8,0.1567356608220752
1.6308646919559546,0.09220782301511593,1.450140679753484,1.8115887041584253,0.3614480244049414,0,23,7,0.1567356608220752
1.5822668744154567,0.07668409114089493,1.4319688175921157,1.7325649312387976,0.30059611364668193,0,27,7,0.1567356608220752
1.624205106041552,0.09986257288462486,1.4284780597841813,1.819932152298923,0.3914540925147416,0,23,8,0.1567356608220752
1.65153930152952,0.08597705891944218,1.4830273625507353,1.820051240508305,0.3370238779575696,0,24,7,0.1567356608220752
1.659472763355883,0.08801317790570552,1.4869701044957837,1.8319754222159823,0.3450053177201986,0,29,12,0.1567356608220752
1.6655605041687358,0.08263787982702005,1.5035932359490274,1.8275277723884442,0.32393453643941683,0,28,10,0.1567356608220752
1.754549145015906,0.10310126744049711,1.5524743740720996,1.9566239159597125,0.4041495418876129,0,19,7,0.1567356608220752
1.6855263911852947,0.0857737678833815,1.5174128953155686,1.8536398870550208,0.33622699173945225,0,28,9,0.1567356608220752
1.6422479347408394,0.1014881815770694,1.443334753993322,1.841161115488357,0.39782636149503503,0,26,10,0.1567356608220752
1.6420371116641284,0.08789988274129598,1.4697565072458945,1.8143177160823623,0.3445612088364678,0,18,5,0.1567356608220752
1.5126841847955677,0.08385157296899164,1.3483381217293118,1.6770302478618235,0.32869212613251175,0,24,9,0.1567356608220752
1.6684630105192544,0.09441636947761582,1.4834103267921006,1.8535156942464082,0.37010536745430755,0,27,7,0.1567356608220752
1.499190332820238,0.07870000403173158,1.344941159334887,1.6534395063055891,0.3084983469707021,0,23,7,0.1567356608220752
1.6216459724621861,0.08524616682423657,1.4545665556665892,1.788725389257783,0.3341588335911938,0,26,6,0.1567356608220752
1.7444518454259454,0.10642144959847213,1.5358696370303955,1.9530340538214954,0.41716441679109995,0,20,8,0.1567356608220752
1.5793835637709173,0.10511583206424217,1.373360318720042,1.7854068088217925,0.41204649010175043,0,23,10,0.1567356608220752
1.5145782528916256,0.0800306926120858,1.3577209777141417,1.6714355280691096,0.31371455035496787,0,24,12,0.1567356608220752
1.6631943942781162,0.07144003868760114,1.52317449139627,1.8032142971599625,0.2800398057636926,0,27,10,0.1567356608220752
1.7111315688922786,0.08407768245087845,1.5463423393849616,1.8759207983995956,0.329578459014634,0,23,5,0.1567356608220752
1.599602372945345,0.0869673573055078,1.4291494847959234,1.7700552610947666,0.3409057762988432,0,22,7,0.1567356608220752
1.681178415163885,0.08783266606532251,1.5090295530097195,1.8533272773180507,0.34429772430833117,0,21,7,0.1567356608220752
1.5786045385932412,0.08875485843265604,1.4046482126122843,1.7525608645741981,0.3479126519619138,0,28,10,0.1567356608220752
1.6925134786819611,0.08212242802335716,1.5315564774331982,1.853470479930724,0.3219140024975258,0,19,7,0.1567356608220752
1.6806022225131483,0.10568055280267524,1.4734721451536212,1.8877322998726753,0.4142601547190541,0,22,9,0.1567356608220752
1.8832959193861447,0.07854898733323566,1.72934273319091,2.0372491055813793,0.30790637239046936,1,23,5,0.1567356608220752
1.549137229817358,0.08042489013224263,1.3915073416975716,1.7067671179371444,0.3152597762395728,0,28,7,0.1567356608220752
1.6287101042273129,0.08939741948802964,1.4534943817199557,1.80392582673467,0.35043144501471435,0,25,6,0.1567356608220752
1.6902379878180804,0.0944718777644637,1.5050765098478611,1.8753994657882997,0.3703229559404386,0,28,7,0.1567356608220752
1.5740922820585024,0.07652236749434063,1.4241111977578562,1.7240733663591485,0.2999621686012923,0,31,11,0.1567356608220752
1.8080451810378146,0.10448924819210595,1.60325001780962,2.012840344266009,0.40959032645638915,1,26,8,0.1567356608220752
1.6229560031021668,0.07672607303189911,1.4725756632844547,1.773336342919879,0.3007606796354243,0,20,9,0.1567356608220752
1.694330634746652,0.09370267013547606,1.510676776025882,1.8779844934674221,0.3673077174415402,0,24,8,0.1567356608220752
1.626708392937,0.07489094495726463,1.4799248380525898,1.7734919478214104,0.2935671097688206,0,23,6,0.1567356608220752
1.5947587994187455,0.1062951360517417,1.3864241610255468,1.8030934378119443,0.41666927678639754,0,23,11,0.1567356608220752
1.552567758736659,0.07814348094229208,1.3994093504631746,1.7057261670101436,0.30631681654696896,0,25,9,0.1567356608220752
1.821138773856109,0.08752555431610216,1.6495918396696443,1.9926857080425735,0.3430938683729292,0,31,5,0.1567356608220752
1.622720276630758,0.07776772293142914,1.4702983405254673,1.7751422127360488,0.3048438722105815,0,20,6,0.1567356608220752
1.6837328217297027,0.07425045572009084,1.5382046026826386,1.8292610407767669,0.2910564380941283,0,17,9,0.1567356608220752
1.5539170159669233,0.08380110901900273,1.3896698604251632,1.7181641715086835,0.32849431108352034,0,23,9,0.1567356608220752
1.7719339588490883,0.0978742448070227,1.5801039640132675,1.9637639536849092,0.3836599896716417,0,27,7,0.1567356608220752
1.6841820353023396,0.09582405862293858,1.4963703315489252,1.871993739055754,0.37562340750682877,0,26,7,0.1567356608220752
1.6595831337541,0.08770519972368009,1.487684101038795,1.8314821664694052,0.3437980654306103,0,20,6,0.1567356608220752
1.71793790299331,0.09358088198937707,1.534522744652638,1.901353061333982,0.366830316681344,0,19,8,0.1567356608220752
1.7598394312416819,0.08560311233169869,1.5920604141070158,1.9276184483763479,0.33555803426933206,0,26,8,0.1567356608220752
1.548722084667026,0.07608150598049407,1.3996050730556888,1.6978390962783632,0.29823402322267434,0,24,9,0.1567356608220752
1.7396524185826259,0.08672577438597691,1.5696730242547647,1.909631812910487,0.33995878865572227,0,24,7,0.1567356608220752
1.6153939619075035,0.0741768817052889,1.4700099452796493,1.7607779785353577,0.2907680332557083,0,20,9,0.1567356608220752
1.6153863389731464,0.08934336724119667,1.4402765569228653,1.7904961210234276,0.3502195641005623,0,23,10,0.1567356608220752
1.6833472030780814,0.1009683502717307,1.4854528729670642,1.8812415331890986,0.3957886602220344,0,20,8,0.1567356608220752
1.6476781971664574,0.0970699863565651,1.4574245199277953,1.8379318744051194,0.3805073544773241,0,32,7,0.1567356608220752
1.6578397836423626,0.1013846707651218,1.459129480358273,1.8565500869264522,0.3974206065681791,0,22,8,0.1567356608220752
1.761308332303433,0.11359466105747683,1.5386668877947438,1.9839497768121224,0.44528288901737856,0,28,5,0.1567356608220752
1.7398415933647522,0.07426681566503758,1.5942813094148034,1.885401877314701,0.2911205678998976,0,26,5,0.1567356608220752
1.5342791100447668,0.10242640725577781,1.3335270407576103,1.7350311793319233,0.401504138574313,0,23,7,0.1567356608220752
1.654736782361765,0.08963753730378168,1.4790504375834872,1.8304231271400426,0.35137268955655543,0,19,6,0.1567356608220752
1.613780896540038,0.08681378286898524,1.4436290087551467,1.7839327843249293,0.34030377556978264,0,26,8,0.1567356608220752
1.6300892759216965,0.10175809138517891,1.4306470816712102,1.8295314701721828,0.3988843885009725,0,23,10,0.1567356608220752
1.6929535085485055,0.08039548684379334,1.5353812498151067,1.8505257672819042,0.3151445174667975,0,19,5,0.1567356608220752
1.6490789843945712,0.09612502021388127,1.4606774067621793,1.8374805620269632,0.3768031552647839,0,26,9,0.1567356608220752
1.6857237866575643,0.09890870871216817,1.4918662798243516,1.879581293490777,0.38771501366642536,0,19,8,0.1567356608220752
1.8281698973200928,0.07802272046678145,1.675248175229365,1.9810916194108206,0.3058434441814555,0,25,6,0.1567356608220752
1.687716585185427,0.08818769614113513,1.5148718768692402,1.8605612935016138,0.3456894166323736,0,24,7,0.1567356608220752
1.6125395311622246,0.07879695895718067,1.4581003295148696,1.7669787328095796,0.30887840329471006,0,22,8,0.1567356608220752
1.791474251685356,0.08956639643709156,1.6159273404436199,1.967021162927092,0.3510938224834721,0,22,5,0.1567356608220752
1.5826508506076231,0.08862167454232524,1.4089555602550354,1.7563461409602108,0.34739058070517537,0,22,6,0.1567356608220752
1.6065821647211884,0.07750808242497437,1.4546691146574768,1.7584952147849,0.30382610012742317,0,27,7,0.1567356608220752
1.6005397248358588,0.09045813825922246,1.423245031739238,1.7778344179324796,0.35458938619324165,0,25,8,0.1567356608220752
1.683071598849528,0.09641987734342355,1.4940921118626482,1.8720510858364077,0.37795897397375944,0,23,11,0.1567356608220752
1.6459947681278368,0.09334353447309668,1.4630448023708944,1.8289447338847793,0.3658999315138849,0,28,8,0.1567356608220752
1.7345144601298346,0.10201891373450933,1.5345610634682976,1.9344678567913716,0.399906793323074,0,21,6,0.1567356608220752
1.8296839729194554,0.11361899647249162,1.6069948318737883,2.0523731139651225,0.4453782820913341,1,16,4,0.1567356608220752
1.6748512782801646,0.08551475358466062,1.5072454411074123,1.8424571154529168,0.3352116743455045,0,22,7,0.1567356608220752
1.5446522634422437,0.09068560980612357,1.3669117343061892,1.7223927925782982,0.3554810582721091,0,28,10,0.1567356608220752
