treatment_effect_hat,standard_error_HC3,ci_lower,ci_upper,ci_length,covered,n_selected_outcome_controls,n_selected_treatment_controls,lasso_penalty,outcome_lasso_penalty,treatment_lasso_penalty
1.714270859728621,4.91311464583537,-7.9152568980249685,11.34379861748221,19.25905551550718,1,200,200,,,
2.049062298087172,inf,-inf,inf,inf,1,200,200,,,
2.003487482052765,inf,-inf,inf,inf,1,200,200,,,
1.7139373187392872,12.884440625101805,-23.539102267404992,26.966976904883566,50.50607917228856,1,200,200,,,
2.792539411843494,1.688872941473509,-0.5175907279088063,6.1026695515957945,6.620260279504601,1,200,200,,,
2.5435574078732643,1.9151659054203747,-1.2100987911697136,6.297213606916243,7.507312398085956,1,200,200,,,
1.9766363167975372,2.0708519049533742,-2.0821588342272395,6.035431467822313,8.117590302049553,1,200,200,,,
5.656399160168737,inf,-inf,inf,inf,1,200,200,,,
2.9137858854154213,3.1584814019274257,-3.276723908201912,9.104295679032754,12.381019587234666,1,200,200,,,
1.5880384392683138,inf,-inf,inf,inf,1,200,200,,,
2.62001250085662,inf,-inf,inf,inf,1,200,200,,,
2.282753850402187,34.47250152750158,-65.28210760050291,69.84761530130729,135.1297229018102,1,200,200,,,
1.9424277422436922,1.5237799664499823,-1.044126112361925,4.92898159684931,5.973107709211234,1,200,200,,,
4.947940206104223,inf,-inf,inf,inf,1,200,200,,,
1.9349296480811418,12.04324985995286,-21.669406334243515,25.539265630405797,47.20867196464931,1,200,200,,,
1.8735796568701846,5.619468217993402,-9.140375662664361,12.88753497640473,22.02791063906909,1,200,200,,,
1.645478010431028,8.490440029025326,-14.995478659355822,18.286434680217877,33.2819133395737,1,200,200,,,
2.4539876275964936,3.717328513212313,-4.831842377003466,9.739817632196452,14.571660009199917,1,200,200,,,
3.1033728211442146,8.18910587725265,-12.946979763856264,19.153725406144694,32.10070517000096,1,200,200,,,
1.0818385971458406,21.18760754097321,-40.445109101730914,42.60878629602259,83.05389539775351,1,200,200,,,
1.6280467794500866,1.3866031978727995,-1.0896455492286665,4.345739108128839,5.435384657357506,1,200,200,,,
1.47217573606213,3.784517666185781,-5.94534258851758,8.889694060641839,14.835036649159418,1,200,200,,,
2.519757862172604,inf,-inf,inf,inf,1,200,200,,,
1.9003954414526087,0.3255305781288629,1.2623672324535353,2.538423650451682,1.2760564179981468,1,200,200,,,
1.9062627913467074,inf,-inf,inf,inf,1,200,200,,,
1.6398905912502844,11.03147259527772,-19.981398391934643,23.261179574435214,43.24257796636986,1,200,200,,,
3.12783049614894,17.457679996452825,-31.08859355052394,37.344254542821815,68.43284809334575,1,200,200,,,
1.9972568541910927,20.94089931639065,-39.04615160981402,43.040665318196204,82.08681692801022,1,200,200,,,
0.5908961032540438,2.8270636389185078,-4.9500468110289795,6.131839017537066,11.081885828566046,1,200,200,,,
2.555584957968053,4.27493288333035,-5.823129529685401,10.934299445621507,16.757428975306908,1,200,200,,,
1.5001498924356667,8.104107067780964,-14.383608087271524,17.383907872142856,31.767515959414382,1,200,200,,,
2.4517223503113064,15.215872360558569,-27.370839469741945,32.27428417036456,59.645123640106505,1,200,200,,,
1.7159914592421464,11.099185150412037,-20.03801169330723,23.469994611791524,43.50800630509875,1,200,200,,,
2.9122292347591743,inf,-inf,inf,inf,1,200,200,,,
2.392475041373536,18.83128730770787,-34.51616986426013,39.3011199470072,73.81728981126733,1,200,200,,,
2.9451824453271858,7.840852944964922,-12.42260693487888,18.312971825533253,30.73557876041213,1,200,200,,,
1.2341240143684247,7.242729011667688,-12.961363998283625,15.429612027020474,28.3909760253041,1,200,200,,,
1.2323777251856456,inf,-inf,inf,inf,1,200,200,,,
1.9184446589341366,inf,-inf,inf,inf,1,200,200,,,
2.2201254702663022,inf,-inf,inf,inf,1,200,200,,,
3.4770619950861708,4.6307470092331435,-5.59903536452736,12.553159354699702,18.15219471922706,1,200,200,,,
0.9836610739243499,6.138724189681272,-11.04801724887577,13.015339396724471,24.06335664560024,1,200,200,,,
2.5291580157941755,21.803006920211114,-40.20395030249718,45.262266334085524,85.4662166365827,1,200,200,,,
1.6904013029997038,inf,-inf,inf,inf,1,200,200,,,
1.1554442634250064,5.173856026624166,-8.985127209953866,11.296015736803877,20.281142946757743,1,200,200,,,
1.965958788639007,inf,-inf,inf,inf,1,200,200,,,
0.2909714441718906,1.7939485400826014,-3.2251030845082176,3.807045972851999,7.032149057360217,1,200,200,,,
2.1147997302048545,1.5984122223051405,-1.0180306579618512,5.247630118371561,6.265660776333412,1,200,200,,,
1.698465314628129,1.9840334697051403,-2.1901688301159865,5.5870994593722445,7.777268289488231,1,200,200,,,
1.390966451155329,6.412271156407499,-11.176854074508373,13.958786976819031,25.135641051327404,1,200,200,,,
1.818377568442789,31.608875836703056,-60.13388066329357,63.77063580017915,123.90451646347272,1,200,200,,,
1.7832466465608425,10.528459629686825,-18.85215504030925,22.418648333430937,41.270803373740186,1,200,200,,,
2.8350870694674217,0.5301376880625216,1.7960362940175496,3.8741378449172936,2.078101550899744,1,200,200,,,
3.7128652700425393,inf,-inf,inf,inf,1,200,200,,,
1.8085582121891441,6.9508964979615335,-11.814948584081051,15.43206500845934,27.24701359254039,1,200,200,,,
1.554882993912976,inf,-inf,inf,inf,1,200,200,,,
3.43329135248852,26.113503644955465,-47.74823530177962,54.61481800675666,102.36305330853628,1,200,200,,,
1.8477590094249339,6.511809069080138,-10.915152240173432,14.6106702590233,25.52582249919673,1,200,200,,,
1.7356919221361815,inf,-inf,inf,inf,1,200,200,,,
1.610866976171045,5.2641457731597585,-8.706669148590837,11.928403100932929,20.635072249523766,1,200,200,,,
2.485656207857814,inf,-inf,inf,inf,1,200,200,,,
2.5916821604624616,inf,-inf,inf,inf,1,200,200,,,
1.954519265445592,inf,-inf,inf,inf,1,200,200,,,
2.082334172036327,inf,-inf,inf,inf,1,200,200,,,
3.131019272999442,7.0292169790511085,-10.64599284545817,16.908031391457055,27.554024236915225,1,200,200,,,
2.0597517367757505,inf,-inf,inf,inf,1,200,200,,,
2.580983050843811,inf,-inf,inf,inf,1,200,200,,,
1.427789240790809,inf,-inf,inf,inf,1,200,200,,,
2.632744843796333,inf,-inf,inf,inf,1,200,200,,,
1.8128400668359848,3.1158731755156945,-4.294159137569228,7.919839271241196,12.213998408810424,1,200,200,,,
1.4587221464798037,14.79103529392333,-27.531174323670733,30.44861861663034,57.979792940301074,1,200,200,,,
2.735723990357105,3.1695129588320428,-3.476407257486682,8.94785523820089,12.424262495687572,1,200,200,,,
2.3035445826370946,inf,-inf,inf,inf,1,200,200,,,
2.279115079402213,inf,-inf,inf,inf,1,200,200,,,
1.603144532062253,inf,-inf,inf,inf,1,200,200,,,
1.8755875818884242,21.62754176319529,-40.51361534811024,44.26479051188709,84.77840585999733,1,200,200,,,
2.3807526132409507,inf,-inf,inf,inf,1,200,200,,,
2.165971459465402,3.2136522412046924,-4.1326711921322214,8.464614111063026,12.597285303195248,1,200,200,,,
2.263994259018647,inf,-inf,inf,inf,1,200,200,,,
1.2188349165908643,2.6691211522471505,-4.012546412187602,6.4502162453693295,10.462762657556931,1,200,200,,,
3.018765722730447,inf,-inf,inf,inf,1,200,200,,,
2.407253483464096,1.0982101586312438,0.25480112509083863,4.559705841837354,4.304904716746515,1,200,200,,,
2.3587724414272175,6.9797399128922235,-11.321266409298275,16.038811292152708,27.360077701450983,1,200,200,,,
2.45233846844381,1.3893976653241686,-0.27083091579559593,5.175507852683216,5.446338768478812,1,200,200,,,
2.4631430574050017,inf,-inf,inf,inf,1,200,200,,,
1.8526696746394684,,,,,0,200,200,,,
1.6240551893182265,9.32430671629121,-16.65125015541748,19.899360534053933,36.55061068947141,1,200,200,,,
2.8809704580738975,1.2821299924073994,0.36804184945678164,5.393899066691013,5.025857217234231,1,200,200,,,
1.9538722198003742,inf,-inf,inf,inf,1,200,200,,,
2.301965016078284,1.6827455315088045,-0.9961556208246836,5.600085652981251,6.596241273805935,1,200,200,,,
2.2096062303300252,1.4060396669161614,-0.546180877660345,4.965393338320395,5.51157421598074,1,200,200,,,
3.404130902101057,20.17924238750783,-36.14645741271834,42.95471921692046,79.1011766296388,1,200,200,,,
3.104378609713144,16.199634044063593,-28.646320679380445,34.855077898806734,63.50139857818718,1,200,200,,,
2.1373613386633687,5.513080297877784,-8.66807748905444,12.94280016638118,21.61087765543562,1,200,200,,,
1.8908843011355678,inf,-inf,inf,inf,1,200,200,,,
2.59152694115516,5.515570621635904,-8.21879283143841,13.401846713748728,21.62063954518714,1,200,200,,,
1.5265388348188154,14.91922358137822,-27.71460206198318,30.76767973162081,58.48228179360399,1,200,200,,,
1.820591252672967,10.099984757452573,-17.97501511633759,21.616197621683522,39.59121273802111,1,200,200,,,
2.471920361030126,13.113317624527003,-23.229709900877136,28.173550622937388,51.403260523814524,1,200,200,,,
1.7958743450393087,7.860396616869107,-13.610219928224627,17.201968618303244,30.81218854652787,1,200,200,,,
1.6695305822127615,inf,-inf,inf,inf,1,200,200,,,
1.961745687978241,3.3058098805290164,-4.51752261759529,8.441013993551772,12.958536611147062,1,200,200,,,
2.2175534839638686,inf,-inf,inf,inf,1,200,200,,,
1.9367872691952819,inf,-inf,inf,inf,1,200,200,,,
0.28816994393812023,9.216722037828065,-17.776273305721503,18.35261319359774,36.12888649931924,1,200,200,,,
1.695863456895303,10.08051969990224,-18.0615921003596,21.453319014150207,39.51491111450981,1,200,200,,,
1.9010219692197865,inf,-inf,inf,inf,1,200,200,,,
2.064025720529249,inf,-inf,inf,inf,1,200,200,,,
2.6312626022821592,5.008160183715963,-7.1845509866086275,12.447076191172947,19.631627177781574,1,200,200,,,
2.4588786931248903,10.491283246296788,-18.103658621225275,23.021416007475057,41.12507462870033,1,200,200,,,
1.8003035733542732,0.6479455324901527,0.5303536657299464,3.0702534809786,2.5398998152486536,1,200,200,,,
0.041409580941090374,inf,-inf,inf,inf,1,200,200,,,
1.2933652840194976,3.6636436933334364,-5.887244407101345,8.47397497514034,14.361219382241686,1,200,200,,,
2.2971847907340095,2.3047589461575493,-2.220059736781277,6.814429318249296,9.034489055030573,1,200,200,,,
1.676832488595103,5.083024217065025,-8.285711909397252,11.639376886587458,19.92508879598471,1,200,200,,,
-0.007010011828777252,2.007294913393419,-3.9412357484303255,3.927215724772771,7.868451473203097,1,200,200,,,
1.0175701217533053,7.755546107592342,-14.183020929567489,16.2181611730741,30.40118210264159,1,200,200,,,
1.7411603610574504,1.512379500278855,-1.2230489904457897,4.705369712560691,5.92841870300648,1,200,200,,,
-3.63606062893487,4.528117785531262,-12.51100840633141,5.238887148461669,17.749895554793078,1,200,200,,,
1.9969808961708935,8.025944285240278,-13.73358084482512,17.727542637166906,31.461123481992026,1,200,200,,,
2.47279432714473,3.065713099341062,-3.535892934496417,8.481481588785877,12.017374523282294,1,200,200,,,
2.0861360253701253,inf,-inf,inf,inf,1,200,200,,,
1.8376301210757302,3.7267672026592464,-5.466699374901477,9.141959617052938,14.608658991954416,1,200,200,,,
1.4797920744382291,3.14653151395131,-4.68729636912663,7.646880518003087,12.334176887129717,1,200,200,,,
2.3430963942651353,4.6860322656731555,-6.8413580768468805,11.527550865377151,18.36890894222403,1,200,200,,,
2.322830070117247,12.851936647347907,-22.8665028902751,27.512163030509598,50.3786659207847,1,200,200,,,
2.848965371781542,inf,-inf,inf,inf,1,200,200,,,
2.509314168365537,15.760257097441825,-28.38022212971221,33.398850466443285,61.779072596155494,1,200,200,,,
2.7399359888016916,inf,-inf,inf,inf,1,200,200,,,
2.421172379010036,,,,,0,200,200,,,
2.2471575658136693,inf,-inf,inf,inf,1,200,200,,,
2.4468889030814385,13.876810542069101,-24.751159979659747,29.64493778582262,54.39609776548237,1,200,200,,,
0.08009675923768667,11.055605929282672,-21.588492689423827,21.7486862078992,43.33717889732303,1,200,200,,,
2.9852370003748727,12.683559316270356,-21.8740824552925,27.844556456042245,49.71863891133474,1,200,200,,,
2.308611862128154,inf,-inf,inf,inf,1,200,200,,,
3.2588981764393052,inf,-inf,inf,inf,1,200,200,,,
1.650535119522671,inf,-inf,inf,inf,1,200,200,,,
2.535804220934131,inf,-inf,inf,inf,1,200,200,,,
1.9966547487448194,5.277799641469479,-8.347642466153768,12.340951963643409,20.688594429797178,1,200,200,,,
2.263092230506456,9.635773643230847,-16.622677073406308,21.14886153441922,37.771538607825526,1,200,200,,,
1.8611123745333926,2.3628907764650515,-2.7700684467399923,6.492293195806777,9.26236164254677,1,200,200,,,
2.7684892867497544,5.259675266620379,-7.540284806202295,13.077263379701805,20.6175481859041,1,200,200,,,
2.428062855462798,8.025468346684693,-13.301566063105414,18.157691774031008,31.45925783713642,1,200,200,,,
2.79168346238502,1.6839160047781387,-0.5087312599707094,6.092098184740749,6.600829444711458,1,200,200,,,
1.3596520354732902,3.867515371957689,-6.220538803218812,8.939842874165391,15.160381677384203,1,200,200,,,
1.3906657705971224,inf,-inf,inf,inf,1,200,200,,,
1.0187087610454113,1.634002369732551,-2.18387703428349,4.221294556374312,6.405171590657803,1,200,200,,,
3.427081274011,9.473482116588386,-15.140602482686516,21.994765030708514,37.13536751339503,1,200,200,,,
0.9875165095316825,5.456649493681794,-9.707319974343354,11.682352993406719,21.389672967750073,1,200,200,,,
1.835150433591347,6.571258396364131,-11.044279356388781,14.714580223571474,25.758859579960255,1,200,200,,,
2.2055247886743263,3.5338215730252607,-4.720638222245865,9.131687799594518,13.852326021840383,1,200,200,,,
2.0938293979679043,inf,-inf,inf,inf,1,200,200,,,
0.5444980177803731,2.0126100152571684,-3.400145127048286,4.489141162609032,7.889286289657318,1,200,200,,,
3.5285058197813726,inf,-inf,inf,inf,1,200,200,,,
0.5255371186025068,4.73900949840629,-8.762750820667048,9.813825057872062,18.57657587853911,1,200,200,,,
1.4544061336392482,3.8430546241733814,-6.077842520360692,8.98665478763919,15.064497307999881,1,200,200,,,
2.6001982562835995,7.263105432478112,-11.635226807290714,16.835623319857913,28.470850127148626,1,200,200,,,
1.8366165776221637,inf,-inf,inf,inf,1,200,200,,,
3.7912176871249197,9.605822443840031,-15.035848344688066,22.618283718937906,37.65413206362597,1,200,200,,,
1.7987332835426284,0.9938966061296226,-0.14926826882802335,3.74673483591328,3.896003104741303,1,200,200,,,
-0.9979927338968126,1.5252624981807212,-3.987452297300616,1.9914668295069906,5.9789191268076065,0,200,200,,,
-0.0866378267360659,inf,-inf,inf,inf,1,200,200,,,
2.0313254680458623,1.3342044616326099,-0.5836672247667054,4.64631816085843,5.229985385625135,1,200,200,,,
0.85168185521862,6.577095865737367,-12.039189164493905,13.742552874931146,25.78174203942505,1,200,200,,,
2.306492301556726,inf,-inf,inf,inf,1,200,200,,,
-3.5260493094679832,12.863385196537736,-28.73782101394763,21.685722395011666,50.4235434089593,1,200,200,,,
2.3046022758391893,4.101018655474279,-5.733246588817275,10.342451140495653,16.075697729312928,1,200,200,,,
1.6865859884447307,inf,-inf,inf,inf,1,200,200,,,
3.100798148985609,inf,-inf,inf,inf,1,200,200,,,
2.6038954224320325,0.5561569524079016,1.5138478259609884,3.6939430189030764,2.1800951929420878,1,200,200,,,
2.554645923688019,3.8274770214420077,-4.947071189992956,10.056363037368994,15.00343422736195,1,200,200,,,
1.770695862404167,2.324461115623887,-2.785164207682445,6.326555932490779,9.111720140173224,1,200,200,,,
1.5632268055262755,inf,-inf,inf,inf,1,200,200,,,
1.189750657330693,2.391406297865677,-3.4973195588882984,5.8768208735496845,9.374140432437983,1,200,200,,,
2.3238033365642345,inf,-inf,inf,inf,1,200,200,,,
2.006883357539675,1.455171145802161,-0.8451996795744443,4.858966394653795,5.7041660742282385,1,200,200,,,
7.805339588179041,37.64237412825747,-65.97235799578792,81.58303717214599,147.5553951679339,1,200,200,,,
3.4261538748846108,7.1213671841120005,-10.53146932666033,17.383777076429553,27.91524640308988,1,200,200,,,
2.247148092934413,4.0998260701843305,-5.788363347505259,10.282659533374085,16.071022880879344,1,200,200,,,
2.806854077804231,4.90672015213887,-6.81014070260485,12.423848858213312,19.233989560818163,1,200,200,,,
1.2595741565530316,8.200796649660669,-14.813691921318618,17.332840234424683,32.1465321557433,1,200,200,,,
2.459273250671022,inf,-inf,inf,inf,1,200,200,,,
1.8787010052625763,inf,-inf,inf,inf,1,200,200,,,
1.3765573172516636,3.2787860454406306,-5.049745244824482,7.802859879327809,12.85260512415229,1,200,200,,,
2.915023012596669,inf,-inf,inf,inf,1,200,200,,,
1.8680486883711132,24.85438317106939,-46.84564718488331,50.581744561625534,97.42739174650885,1,200,200,,,
0.4732964746689139,inf,-inf,inf,inf,1,200,200,,,
-0.6462550392767399,3.720671299409138,-7.9386367844304955,6.646126705877015,14.58476349030751,1,200,200,,,
2.2232233383501376,3.6428331800732887,-4.916598496281022,9.363045172981296,14.279643669262319,1,200,200,,,
2.749516877388639,9.870803713286682,-16.596902899117485,22.095936653894764,38.69283955301225,1,200,200,,,
1.7292707713094346,inf,-inf,inf,inf,1,200,200,,,
1.8575172906475552,inf,-inf,inf,inf,1,200,200,,,
1.7891617524413275,inf,-inf,inf,inf,1,200,200,,,
1.853993800073036,inf,-inf,inf,inf,1,200,200,,,
2.3870530577067015,12.432158482476863,-21.97952981804208,26.753635933455485,48.733165751497566,1,200,200,,,
0.3131406714394268,inf,-inf,inf,inf,1,200,200,,,
2.0304720595685377,6.941280036540341,-11.5741868186574,15.635130937794477,27.209317756451878,1,200,200,,,
2.8591762629050166,inf,-inf,inf,inf,1,200,200,,,
2.035366842343649,2.4158450547996817,-2.6996024572929205,6.770336141980218,9.469938599273139,1,200,200,,,
1.3145518559936378,inf,-inf,inf,inf,1,200,200,,,
1.73317065152452,3.60496645622054,-5.332433768142728,8.798775071191768,14.131208839334496,1,200,200,,,
2.3076829078081387,inf,-inf,inf,inf,1,200,200,,,
2.017652735348663,0.6938068279460169,0.6578163403464918,3.377489130350834,2.719672790004342,1,200,200,,,
1.7729820554685995,10.447710617763699,-18.70415447624497,22.25011858718217,40.95427306342714,1,200,200,,,
2.832592915677104,0.8787899417591483,1.1101962798531217,4.554989551501086,3.444793271647964,1,200,200,,,
2.140894470659733,3.5344121470580605,-4.786426044094951,9.068214985414418,13.85464102950937,1,200,200,,,
1.9676359825138214,inf,-inf,inf,inf,1,200,200,,,
2.41227094994304,inf,-inf,inf,inf,1,200,200,,,
2.9144788118402785,inf,-inf,inf,inf,1,200,200,,,
2.252938434081941,6.22914926189231,-9.955969773551248,14.461846641715129,24.417816415266376,1,200,200,,,
2.9184619272232464,inf,-inf,inf,inf,1,200,200,,,
1.2512301637525873,inf,-inf,inf,inf,1,200,200,,,
2.8237641219959415,1.9988225172711458,-1.0938560233431942,6.741384267335077,7.835240290678271,1,200,200,,,
1.6805985239174999,inf,-inf,inf,inf,1,200,200,,,
3.0021621098548907,4.509879801359701,-5.837039875414777,11.841364095124558,17.678403970539335,1,200,200,,,
1.7691937180063086,inf,-inf,inf,inf,1,200,200,,,
2.8549532535843047,7.992585405703415,-12.810226284954844,18.520132792123455,31.3303590770783,1,200,200,,,
5.64024242453706,3.859712584403592,-1.9246552315699939,13.205140080644114,15.129795312214107,1,200,200,,,
2.951550455526924,inf,-inf,inf,inf,1,200,200,,,
2.270946451658096,inf,-inf,inf,inf,1,200,200,,,
3.205319599818179,19.717805819132128,-35.44086965983509,41.85150885947145,77.29237851930654,1,200,200,,,
2.8322661313224833,27.190354335120006,-50.45984909239525,56.12438135504022,106.58423044743547,1,200,200,,,
1.9731900322429605,0.4461646660029861,1.0987233557027656,2.8476567087831555,1.7489333530803899,1,200,200,,,
6.085589630123518,1.7799735027212316,2.5969056713542966,9.57427358889274,6.977367917538444,0,200,200,,,
1.9978105084124906,10.70426929723834,-18.98217179499253,22.977792811817515,41.95996460681005,1,200,200,,,
2.30575744087281,23.50441976100701,-43.762058768212476,48.3735736499581,92.13563241817057,1,200,200,,,
2.8959367364492836,26.20164028536991,-48.45833455874952,54.25020803164809,102.70854259039761,1,200,200,,,
2.774593614821099,inf,-inf,inf,inf,1,200,200,,,
2.0819540784021275,14.17634742079954,-25.70317629869226,29.867084455496514,55.57026075418877,1,200,200,,,
2.076184972572747,0.35634823956030803,1.3777552570802918,2.774614688065202,1.39685943098491,1,200,200,,,
4.074989393456056,5.872487791105579,-7.434875176762056,15.584853963674167,23.019729140436223,1,200,200,,,
2.514227738144143,inf,-inf,inf,inf,1,200,200,,,
2.4794960982037937,inf,-inf,inf,inf,1,200,200,,,
2.125167965828037,5.2334788490120046,-8.132262092087627,12.382598023743702,20.51486011583133,1,200,200,,,
0.887964340966691,34.20250992493355,-66.14772329277682,67.9236519747102,134.071375267487,1,200,200,,,
1.7881045081146714,1.8274365098702474,-1.7936052352645886,5.369814251493931,7.16341948675852,1,200,200,,,
1.9812598296360286,6.18397893544724,-10.139116164994906,14.101635824266964,24.24075198926187,1,200,200,,,
1.2404453376684592,1.5923120695183566,-1.8804289707359585,4.361319646072877,6.241748616808835,1,200,200,,,
1.8003447156704497,2.316113572066423,-2.7391544696841548,6.339843901025055,9.07899837070921,1,200,200,,,
2.140765465068335,1.1657080580782013,-0.14398034525306525,4.425511275389735,4.5694916206428005,1,200,200,,,
1.7958790144367902,inf,-inf,inf,inf,1,200,200,,,
2.3082749346187326,inf,-inf,inf,inf,1,200,200,,,
3.533634299162841,21.318403292164394,-38.24966836137949,45.316936959705174,83.56660532108467,1,200,200,,,
2.6829668286865136,1.3940600521967914,-0.04934066590522557,5.415274323278252,5.464614989183477,1,200,200,,,
1.214395881751206,9.852199260253293,-18.09555983685741,20.52435160035982,38.61991143721723,1,200,200,,,
4.616464534578803,6.022633613209869,-7.187680439392874,16.42060950855048,23.608289947943355,1,200,200,,,
1.9166019009705964,1.2713353151168503,-0.5751695289323107,4.408373330873504,4.983542859805814,1,200,200,,,
1.8331622923214028,2.620493801858251,-3.30291118103121,6.969235765674016,10.272146946705226,1,200,200,,,
1.756828053831107,3.564645445354672,-5.229748636718791,8.743404744381005,13.973153381099795,1,200,200,,,
2.57522134658878,inf,-inf,inf,inf,1,200,200,,,
2.0823862500871613,3.6899095097938335,-5.1497034953205985,9.31447599549492,14.464179490815518,1,200,200,,,
1.7779337104313244,inf,-inf,inf,inf,1,200,200,,,
2.655928116903749,20.392376587241174,-37.31239555326677,42.62425178707427,79.93664734034104,1,200,200,,,
2.2364871148254086,inf,-inf,inf,inf,1,200,200,,,
1.3243600504647803,7.905310389201304,-14.169763598980094,16.818483699909653,30.988247298889746,1,200,200,,,
2.1066921252879207,11.151105007728024,-19.74907207768325,23.96245632825909,43.71152840594234,1,200,200,,,
1.4947926581908961,4.331850856878196,-6.99547900768934,9.985064324071132,16.980543331760472,1,200,200,,,
1.5932299753870258,5.901134930917704,-9.972781957122933,13.159241907896984,23.132023865019917,1,200,200,,,
1.966726080828356,inf,-inf,inf,inf,1,200,200,,,
1.6638494458909332,0.9311088011122933,-0.16109026997742992,3.4887891617592963,3.6498794317367262,1,200,200,,,
1.6814670917446988,inf,-inf,inf,inf,1,200,200,,,
2.6745928538765313,inf,-inf,inf,inf,1,200,200,,,
2.5329991989839753,3.2065193063704562,-3.751663157234474,8.817661555202424,12.569324712436899,1,200,200,,,
1.0938932517729056,2.8321213015036797,-4.45696249902301,6.644749002568821,11.101711501591831,1,200,200,,,
1.8157992452846288,3.215412251830451,-4.48629296375189,8.117891454321146,12.604184418073036,1,200,200,,,
1.461539439828039,34.31649642015788,-65.7975576192791,68.72063649893519,134.5181941182143,1,200,200,,,
2.6894255542827197,1.012911614512344,0.7041552703162066,4.6746958382492325,3.9705405679330257,1,200,200,,,
3.3359567895878115,3.3555318024540117,-3.2407646922008224,9.912678271376446,13.15344296357727,1,200,200,,,
2.445778255854796,inf,-inf,inf,inf,1,200,200,,,
1.9425195457396973,5.580232726726896,-8.99453562399676,12.879574715476156,21.874110339472917,1,200,200,,,
1.9576285152074162,9.28570793069213,-16.242024599907108,20.157281630321943,36.39930623022905,1,200,200,,,
1.8433492438591124,4.795788324198721,-7.556223149048082,11.242921636766306,18.799144785814388,1,200,200,,,
1.7485853199366557,inf,-inf,inf,inf,1,200,200,,,
1.3600039279899132,inf,-inf,inf,inf,1,200,200,,,
1.8621690642771347,inf,-inf,inf,inf,1,200,200,,,
1.8391663331165806,inf,-inf,inf,inf,1,200,200,,,
1.1757602519858905,inf,-inf,inf,inf,1,200,200,,,
2.5228899032852663,inf,-inf,inf,inf,1,200,200,,,
1.9379619518954359,2.950521835763085,-3.8449545817992155,7.720878485590087,11.565833067389303,1,200,200,,,
2.520432860012469,8.496973269419062,-14.133328725648443,19.174194445673383,33.307523171321826,1,200,200,,,
2.6934488901380695,inf,-inf,inf,inf,1,200,200,,,
2.0694425234186227,4.047093807839411,-5.862715582001688,10.001600628838933,15.86431621084062,1,200,200,,,
0.8713544130711854,3.290316597587108,-5.577547615933916,7.320256442076287,12.897804058010204,1,200,200,,,
2.398523212858928,inf,-inf,inf,inf,1,200,200,,,
1.8719236661898644,10.190449573502548,-18.10099048414668,21.84483781652641,39.94582830067309,1,200,200,,,
0.9196689811047181,6.8526526095532,-12.511283332183972,14.350621294393406,26.861904626577378,1,200,200,,,
1.9684544177476067,1.6677475872031255,-1.3002707884740925,5.237179623969306,6.537450412443398,1,200,200,,,
2.9229656478472354,inf,-inf,inf,inf,1,200,200,,,
2.5804692426836455,inf,-inf,inf,inf,1,200,200,,,
5.988317515320842,26.436944235514506,-45.82714104758138,57.803776078223066,103.63091712580444,1,200,200,,,
2.1977088271024057,8.346802749187011,-14.161723947364045,18.55714160156886,32.718865548932904,1,200,200,,,
2.3405826965204026,inf,-inf,inf,inf,1,200,200,,,
1.8631605849615922,0.7939151670407376,0.3071154507816456,3.419205719141539,3.1120902683598937,1,200,200,,,
1.6059245349586595,inf,-inf,inf,inf,1,200,200,,,
0.13428134445417683,4.825790614943425,-9.324094457766336,9.59265714667469,18.916751604441025,1,200,200,,,
1.803249196968337,5.592438782815396,-9.157729403094855,12.76422779703153,21.921957200126386,1,200,200,,,
2.8977547151665624,inf,-inf,inf,inf,1,200,200,,,
1.6947321705237135,0.8889606487975755,-0.0475986847928942,3.437063025840321,3.4846617106332154,1,200,200,,,
-0.37806698903252456,13.593593358017339,-27.021020391229403,26.26488641316435,53.285906804393754,1,200,200,,,
1.5437695378542124,11.665008033256678,-21.319226086699285,24.406765162407712,45.725991249107,1,200,200,,,
1.6031411598678553,inf,-inf,inf,inf,1,200,200,,,
2.1995486662162587,4.40500619958397,-6.434104836643979,10.833202169076497,17.267307005720475,1,200,200,,,
1.5471082022746614,inf,-inf,inf,inf,1,200,200,,,
1.208883554914593,inf,-inf,inf,inf,1,200,200,,,
2.264494666067633,inf,-inf,inf,inf,1,200,200,,,
2.1050432516330093,inf,-inf,inf,inf,1,200,200,,,
1.868306723091056,2.4699480021175915,-2.9727024047460846,6.7093158509281965,9.682018255674281,1,200,200,,,
2.672639242013001,inf,-inf,inf,inf,1,200,200,,,
1.6787222012857939,inf,-inf,inf,inf,1,200,200,,,
0.795322648028231,4.986648500380826,-8.978328816278859,10.56897411233532,19.54730292861418,1,200,200,,,
2.450838079892315,inf,-inf,inf,inf,1,200,200,,,
2.3761480100482983,6.913977578905013,-11.174999034522966,15.927295054619563,27.10229408914253,1,200,200,,,
1.6560178884504557,6.321906054726252,-10.734690292458701,14.046726069359615,24.781416361818316,1,200,200,,,
2.9393836464360388,inf,-inf,inf,inf,1,200,200,,,
2.402533811776001,2.819171017298777,-3.1229398483887474,7.92800747194075,11.050947320329497,1,200,200,,,
3.0027333086408543,4.37611119448707,-5.574287024896359,11.579753642178067,17.154040667074426,1,200,200,,,
2.325563996461586,inf,-inf,inf,inf,1,200,200,,,
1.483511537861867,inf,-inf,inf,inf,1,200,200,,,
1.924429167575752,1.9673307458150957,-1.9314682399001593,5.780326575051664,7.711794814951823,1,200,200,,,
1.6038375721505909,8.422374829495006,-14.903713757956298,18.11138890225748,33.01510266021378,1,200,200,,,
3.1663129854431507,9.517050284003618,-15.486762810260634,21.819388781146934,37.30615159140757,1,200,200,,,
1.4785436853946585,inf,-inf,inf,inf,1,200,200,,,
2.3098503821408887,7.392446860605779,-12.179079222272629,16.798779986554408,28.977859208827034,1,200,200,,,
3.3755897341426584,3.314420725756886,-3.120555517953945,9.871734986239261,12.992290504193207,1,200,200,,,
2.826416418155257,5.040351814993532,-7.052491608643158,12.705324444953671,19.75781605359683,1,200,200,,,
2.02116897320563,inf,-inf,inf,inf,1,200,200,,,
2.75941143389194,32.43300158904419,-60.808103591165015,66.32692645894889,127.1350300501139,1,200,200,,,
1.6022127481825164,inf,-inf,inf,inf,1,200,200,,,
2.503311380641282,3.1709701871797096,-3.7116759822811822,8.718298743563746,12.429974725844929,1,200,200,,,
1.7818420429385027,inf,-inf,inf,inf,1,200,200,,,
1.9748614887901175,inf,-inf,inf,inf,1,200,200,,,
0.9544188512880737,3.999015432257892,-6.883507369557272,8.792345072133418,15.67585244169069,1,200,200,,,
6.187838701114211,11.553172974979525,-16.45596423700713,28.83164163923555,45.28760587624268,1,200,200,,,
1.6801509748504388,inf,-inf,inf,inf,1,200,200,,,
1.4715735345598397,1.2341135186393577,-0.9472445148073021,3.8903915839269816,4.837636098734284,1,200,200,,,
1.3862520600508148,inf,-inf,inf,inf,1,200,200,,,
2.8924709497592653,2.635867927877591,-2.2737352568850335,8.058677156403565,10.332412413288598,1,200,200,,,
1.5648713323078656,1.2892513077730483,-0.9620147979484737,4.091757462564205,5.0537722605126785,1,200,200,,,
2.5715630849065487,inf,-inf,inf,inf,1,200,200,,,
1.5256363567182587,2.9897057650718093,-4.334079267194255,7.385351980630773,11.719431247825028,1,200,200,,,
2.3268048533734813,4.674182602556149,-6.834424704800268,11.48803441154723,18.3224591163475,1,200,200,,,
1.6515429649338516,7.500320797515915,-13.048815670694077,16.35190160056178,29.400717271255857,1,200,200,,,
1.6192445217279232,5.388565438596824,-8.94214966625913,12.180638709714977,21.122788375974107,1,200,200,,,
1.798206215430516,5.558141524126134,-9.09555099283327,12.691963423694302,21.78751441652757,1,200,200,,,
1.2325769243285765,inf,-inf,inf,inf,1,200,200,,,
2.6411956018059204,2.9186565182816735,-3.07926605726923,8.36165726088107,11.4409233181503,1,200,200,,,
1.74157467902784,inf,-inf,inf,inf,1,200,200,,,
0.8394948263313705,19.69154444323017,-37.7552230823696,39.43421273503233,77.18943581740193,1,200,200,,,
1.4958729410356528,inf,-inf,inf,inf,1,200,200,,,
2.1448671642693027,9.26221082664474,-16.00873247317135,20.298466801709957,36.307199274881306,1,200,200,,,
2.2144617935684874,1.9241891382768146,-1.556879616897231,5.985803204034205,7.542682820931436,1,200,200,,,
1.9960492925922826,inf,-inf,inf,inf,1,200,200,,,
1.9636171346812812,inf,-inf,inf,inf,1,200,200,,,
2.2361592307705846,2.749631302365839,-3.153019092630423,7.625337554171592,10.778356646802015,1,200,200,,,
2.147477957567362,4.3141619063203285,-6.308124002295143,10.603079917429868,16.91120391972501,1,200,200,,,
0.5980401920391738,9.349869390233277,-17.727367072971525,18.923447457049875,36.6508145300214,1,200,200,,,
1.6483910937906563,inf,-inf,inf,inf,1,200,200,,,
1.1231958306116883,inf,-inf,inf,inf,1,200,200,,,
1.7132131453297137,2.8836413029405823,-3.938619952765983,7.365046243425411,11.303666196191394,1,200,200,,,
4.485898450925717,14.566888058519996,-24.064677510600067,33.0364744124515,57.10115192305156,1,200,200,,,
2.331906818707028,3.1675116462528052,-3.8763019285596463,8.540115565973702,12.416417494533349,1,200,200,,,
2.2175214082804677,2.6690050588176266,-3.013632381557289,7.448675198118225,10.462307579675514,1,200,200,,,
-0.8345735325612045,inf,-inf,inf,inf,1,200,200,,,
3.8135974039356197,2.99032169910945,-2.0473254285075226,9.674520236378761,11.721845664886285,1,200,200,,,
1.7143976354338024,inf,-inf,inf,inf,1,200,200,,,
2.5581168603258817,6.507787624994904,-10.196912503699586,15.31314622435135,25.510058728050936,1,200,200,,,
1.7519956764518034,inf,-inf,inf,inf,1,200,200,,,
0.6379807082611624,3.6187734957187607,-6.45468501155572,7.730646428078045,14.185331439633766,1,200,200,,,
2.404597916820202,inf,-inf,inf,inf,1,200,200,,,
0.7685984001926025,inf,-inf,inf,inf,1,200,200,,,
2.4443038793107785,1.3030543724083365,-0.10963576050700441,4.998243519128561,5.107879279635565,1,200,200,,,
2.119443579507346,4.33107591900347,-6.3693092360481725,10.608196395062864,16.977505631111036,1,200,200,,,
4.986478352488746,10.48446532363846,-15.562696079001718,25.53565278397921,41.09834886298093,1,200,200,,,
2.226066932532378,4.978699738095775,-7.532005243974341,11.984139109039097,19.516144353013438,1,200,200,,,
2.3393147624230872,inf,-inf,inf,inf,1,200,200,,,
1.7270278833682686,inf,-inf,inf,inf,1,200,200,,,
0.5120473762986952,0.9374222486290456,-1.325266469320786,2.3493612219181763,3.674627691238962,1,200,200,,,
1.496600692885182,inf,-inf,inf,inf,1,200,200,,,
1.027066291330046,2.5798443983526522,-4.029335815158557,6.083468397818649,10.112804212977206,1,200,200,,,
1.975256751018064,inf,-inf,inf,inf,1,200,200,,,
1.09438452142895,inf,-inf,inf,inf,1,200,200,,,
1.764964711565189,inf,-inf,inf,inf,1,200,200,,,
2.073886859541256,inf,-inf,inf,inf,1,200,200,,,
0.7417595371228787,21.356257948271907,-41.115736886037325,42.59925596028309,83.71499284632041,1,200,200,,,
2.2732751516952465,13.384987256119286,-23.960817803826153,28.50736810721665,52.4681859110428,1,200,200,,,
3.7302538140650743,7.2148059860856,-10.410506074106692,17.87101370223684,28.281519776343533,1,200,200,,,
2.036125182153128,4.84389981734348,-7.45774400456024,11.529994368866497,18.987738373426737,1,200,200,,,
2.3240214419372838,3.058220306608881,-3.669980215805164,8.318023099679731,11.988003315484896,1,200,200,,,
1.7584240409571104,4.93029184279182,-7.904770404186471,11.42161848610069,19.326388890287163,1,200,200,,,
3.023735614539076,inf,-inf,inf,inf,1,200,200,,,
1.4456483017127788,2.8213873490526944,-4.08416928886744,6.9754658922929975,11.059635181160438,1,200,200,,,
1.3502510036808486,16.569476135710218,-31.125325465007084,33.82582747236878,64.95115293737587,1,200,200,,,
3.720113832471937,inf,-inf,inf,inf,1,200,200,,,
2.1361939192033423,inf,-inf,inf,inf,1,200,200,,,
1.9215200629129447,5.379234422657048,-8.62158566989298,12.46462579571887,21.08621146561185,1,200,200,,,
2.1405764298461034,inf,-inf,inf,inf,1,200,200,,,
1.6446835983168915,inf,-inf,inf,inf,1,200,200,,,
2.5676433193122765,inf,-inf,inf,inf,1,200,200,,,
2.2006091902923246,2.4984925906250655,-2.6963463029729806,7.09756468355763,9.79391098653061,1,200,200,,,
1.3994647240462204,inf,-inf,inf,inf,1,200,200,,,
0.2119028512953971,2.044878433737184,-3.7959852315921596,4.219790934182954,8.015776165775113,1,200,200,,,
2.876200431848273,7.168915130756352,-11.174615032658428,16.927015896354973,28.101630929013403,1,200,200,,,
2.538911481761456,4.183191064289843,-5.659992344696413,10.737815308219325,16.397807652915738,1,200,200,,,
0.7258655570066047,inf,-inf,inf,inf,1,200,200,,,
2.170005483661561,inf,-inf,inf,inf,1,200,200,,,
2.3609458912003083,9.441776223959655,-16.144595457847203,20.86648724024782,37.011082698095024,1,200,200,,,
1.6570708727319803,inf,-inf,inf,inf,1,200,200,,,
1.2887423393797826,inf,-inf,inf,inf,1,200,200,,,
2.040548617021302,inf,-inf,inf,inf,1,200,200,,,
1.7466534154706708,inf,-inf,inf,inf,1,200,200,,,
2.1333997526558175,7.6142539680024885,-12.790263793770258,17.057063299081893,29.84732709285215,1,200,200,,,
1.9158119439508026,inf,-inf,inf,inf,1,200,200,,,
1.8257294303057865,11.219337896503047,-20.163768777225556,23.815227637837125,43.97899641506268,1,200,200,,,
2.030117460177427,inf,-inf,inf,inf,1,200,200,,,
2.167727463888087,3.8721386167715033,-5.421524768130801,9.756979695906976,15.178504464037777,1,200,200,,,
3.308223449435017,1.59336530861034,0.18528483034320198,6.431162068526833,6.245877238183631,1,200,200,,,
1.791457182735095,18.714290484970363,-34.88787816402744,38.47079252949763,73.35867069352507,1,200,200,,,
1.8010762856605056,inf,-inf,inf,inf,1,200,200,,,
2.0608269114864575,inf,-inf,inf,inf,1,200,200,,,
1.8821638612222498,inf,-inf,inf,inf,1,200,200,,,
1.3433296532210148,49.42736042464861,-95.53251662997066,98.2191759364127,193.75169256638335,1,200,200,,,
2.632115448502051,inf,-inf,inf,inf,1,200,200,,,
1.7849101089378028,5.413611873242318,-8.825574188895557,12.395394406771162,21.22096859566672,1,200,200,,,
1.0590194243343194,3.3045156484814737,-5.41771223303839,7.53575108170703,12.95346331474542,1,200,200,,,
2.9774223350245057,7.828098159969933,-12.365368125960831,18.32021279600984,30.685580921970672,1,200,200,,,
2.2058976335002605,3.815557796231002,-5.272458228043522,9.684253495044043,14.956711723087565,1,200,200,,,
-0.9140364409942645,10.65545986692006,-21.79835401886954,19.970281136881013,41.76863515575055,1,200,200,,,
1.3960187366962211,14.312340246707814,-26.655652681334207,29.447690154726647,56.103342836060854,1,200,200,,,
1.9996407969409302,1.7968438318263364,-1.5221083992816349,5.5213899931634955,7.04349839244513,1,200,200,,,
2.3781792564231834,13.978852577126043,-25.01986833993878,29.776226852785147,54.796095192723925,1,200,200,,,
1.5640047804711308,2.504706687292847,-3.345130118459477,6.473139679401739,9.818269797861216,1,200,200,,,
0.21110940471895212,2.3259722169271475,-4.3477123694990425,4.769931178936947,9.11764354843599,1,200,200,,,
1.5641476853251097,inf,-inf,inf,inf,1,200,200,,,
2.1490768174343007,24.980129896757017,-46.811078109341715,51.10923174421031,97.92030985355203,1,200,200,,,
3.2572187242374016,8.256067916267483,-12.924377045563517,19.43881449403832,32.363191539601836,1,200,200,,,
2.2034845237392986,3.787717914003837,-5.2203061713054035,9.627275218784,14.847581390089402,1,200,200,,,
1.5430708712609738,0.8642796509859709,-0.150886117242377,3.2370278597643245,3.3879139770067015,1,200,200,,,
2.06647568544549,inf,-inf,inf,inf,1,200,200,,,
1.6503248781048123,4.894934111783649,-7.9435696876877,11.244219443897325,19.187789131585024,1,200,200,,,
2.3353066048918802,15.507296531971932,-28.05843609535599,32.72904930513975,60.78748540049574,1,200,200,,,
1.7853942974560446,5.7194099268359935,-9.424443171963368,12.995231766875456,22.419674938838824,1,200,200,,,
2.2923221185509286,104.08211591545957,-201.70487651047296,206.28952074757484,407.9943972580478,1,200,200,,,
1.9091387835278617,5.58133577973053,-9.030078330368758,12.848355897424481,21.87843422779324,1,200,200,,,
1.5889197910025468,2.806169134009741,-3.9110706461844984,7.088910228189592,10.99998087437409,1,200,200,,,
2.7061806407863127,inf,-inf,inf,inf,1,200,200,,,
1.403426433780668,inf,-inf,inf,inf,1,200,200,,,
0.5791144475092094,8.907449320736983,-16.879165415251048,18.037394310269466,34.916559725520514,1,200,200,,,
1.758983243405456,inf,-inf,inf,inf,1,200,200,,,
1.8231319374839787,inf,-inf,inf,inf,1,200,200,,,
1.8096976404674385,inf,-inf,inf,inf,1,200,200,,,
2.3457635796572007,inf,-inf,inf,inf,1,200,200,,,
2.221281902388805,inf,-inf,inf,inf,1,200,200,,,
3.6412515486817467,3.9358795403131857,-4.072930597820161,11.355433695183654,15.428364293003815,1,200,200,,,
2.1540636704618628,inf,-inf,inf,inf,1,200,200,,,
1.0952041816582136,inf,-inf,inf,inf,1,200,200,,,
3.1760093077259746,4.97769284985864,-6.5800894040995015,12.932108019551452,19.512197423650953,1,200,200,,,
2.7047158369466775,inf,-inf,inf,inf,1,200,200,,,
1.5689694835737011,inf,-inf,inf,inf,1,200,200,,,
1.1790605401030536,2.5356051243326423,-3.7906341826041308,6.148755262810238,9.939389445414369,1,200,200,,,
1.59902025068219,inf,-inf,inf,inf,1,200,200,,,
1.3813006102034313,8.278173325083579,-14.843620964740566,17.60622218514743,32.449843149888,1,200,200,,,
1.1067741141914202,inf,-inf,inf,inf,1,200,200,,,
2.2181249450096114,0.9687391261901563,0.3194311472621023,4.11681874275712,3.797387595495018,1,200,200,,,
3.281757428850222,1.4511826235286591,0.43749175174370203,6.126023105956742,5.6885313542130405,1,200,200,,,
2.640337275926599,6.7510063076907345,-10.59139194654997,15.87206649840317,26.46345844495314,1,200,200,,,
1.2128319265631196,1.811540082041782,-2.337721390789508,4.763385243915748,7.101106634705255,1,200,200,,,
2.3048502967310087,0.6555778078968675,1.0199414041894301,3.5897591892725873,2.569817785083157,1,200,200,,,
2.577611561483054,1.9565555521037288,-1.2571668543921355,6.412389977358243,7.669556831750379,1,200,200,,,
0.9739762217940777,1.4027371543423457,-1.775338080493123,3.7232905240812784,5.498628604574401,1,200,200,,,
1.7538908779684543,2.6934045221047453,-3.525084981154162,7.032866737091071,10.557951718245233,1,200,200,,,
1.8171518649048395,inf,-inf,inf,inf,1,200,200,,,
2.1952933186382912,1.722050572948637,-1.1798637838976025,5.5704504211741845,6.750314205071787,1,200,200,,,
1.6130355311660187,4.582208601627289,-7.367928297673111,10.59399936000515,17.96192765767826,1,200,200,,,
2.169245139318411,10.07271200631096,-17.572907619695258,21.911397898332083,39.48430551802734,1,200,200,,,
2.46006615624184,12.724517607437207,-22.479530074980865,27.399662387464545,49.87919246244541,1,200,200,,,
3.0109972131504557,inf,-inf,inf,inf,1,200,200,,,
1.900212746384555,1.3006831145579207,-0.649079313448355,4.449504806217465,5.09858411966582,1,200,200,,,
3.1778787797085686,inf,-inf,inf,inf,1,200,200,,,
3.638425678797767,2.5226815700527863,-1.3059393429686512,8.582790700564185,9.888730043532837,1,200,200,,,
1.9548206179705576,inf,-inf,inf,inf,1,200,200,,,
1.9595378786150293,2.996581761603692,-3.913654450857797,7.832730208087856,11.746384658945653,1,200,200,,,
1.573095506650246,inf,-inf,inf,inf,1,200,200,,,
1.9258965546565707,4.259400431395464,-6.422374886612907,10.27416799592605,16.696542882538957,1,200,200,,,
1.2716213458727028,14.133937498290623,-26.43038711051707,28.973629802262476,55.40401691277955,1,200,200,,,
2.328270139169294,0.8063645859091572,0.7478245923787918,3.9087156859597965,3.1608910935810046,1,200,200,,,
1.7307147044829945,8.777318400218899,-15.472513240786771,18.933942649752762,34.40645589053953,1,200,200,,,
0.4132294435720931,inf,-inf,inf,inf,1,200,200,,,
2.204118432593979,8.69099591698886,-14.829920554488847,19.238157419676806,34.068077974165654,1,200,200,,,
2.5442750547673434,5.190242949524687,-7.628414197313985,12.716964306848672,20.345378504162657,1,200,200,,,
1.5766863848759252,inf,-inf,inf,inf,1,200,200,,,
2.477857605820584,10.053084025598066,-17.225825017906566,22.181540229547736,39.4073652474543,1,200,200,,,
0.9128048174567044,inf,-inf,inf,inf,1,200,200,,,
2.962613938386921,inf,-inf,inf,inf,1,200,200,,,
2.3891741468787115,inf,-inf,inf,inf,1,200,200,,,
1.8451849378471261,2.4244458180588992,-2.906641548017065,6.597011423711317,9.503652971728382,1,200,200,,,
1.242430428996499,10.50149464307037,-19.340120855261734,21.824981713254733,41.16510256851647,1,200,200,,,
2.2413328827794565,inf,-inf,inf,inf,1,200,200,,,
1.8774451899025912,inf,-inf,inf,inf,1,200,200,,,
2.6110767614523684,inf,-inf,inf,inf,1,200,200,,,
1.6830651753298949,inf,-inf,inf,inf,1,200,200,,,
